--
-- PostgreSQL database dump
--

\restrict DrM5ZiVJJMPn2ouDaGa3ya2RtrFwKqcQd2TpeyC6z3Mc0LffYZ2wD72PA43iJ0g

-- Dumped from database version 16.10 (Debian 16.10-1.pgdg13+1)
-- Dumped by pg_dump version 16.10 (Debian 16.10-1.pgdg13+1)

SET statement_timeout = 0;
SET lock_timeout = 0;
SET idle_in_transaction_session_timeout = 0;
SET client_encoding = 'UTF8';
SET standard_conforming_strings = on;
SELECT pg_catalog.set_config('search_path', '', false);
SET check_function_bodies = false;
SET xmloption = content;
SET client_min_messages = warning;
SET row_security = off;

SET default_tablespace = '';

SET default_table_access_method = heap;

--
-- Name: auth_group; Type: TABLE; Schema: public; Owner: postgres
--

CREATE TABLE public.auth_group (
    id integer NOT NULL,
    name character varying(150) NOT NULL
);


ALTER TABLE public.auth_group OWNER TO postgres;

--
-- Name: auth_group_id_seq; Type: SEQUENCE; Schema: public; Owner: postgres
--

ALTER TABLE public.auth_group ALTER COLUMN id ADD GENERATED BY DEFAULT AS IDENTITY (
    SEQUENCE NAME public.auth_group_id_seq
    START WITH 1
    INCREMENT BY 1
    NO MINVALUE
    NO MAXVALUE
    CACHE 1
);


--
-- Name: auth_group_permissions; Type: TABLE; Schema: public; Owner: postgres
--

CREATE TABLE public.auth_group_permissions (
    id bigint NOT NULL,
    group_id integer NOT NULL,
    permission_id integer NOT NULL
);


ALTER TABLE public.auth_group_permissions OWNER TO postgres;

--
-- Name: auth_group_permissions_id_seq; Type: SEQUENCE; Schema: public; Owner: postgres
--

ALTER TABLE public.auth_group_permissions ALTER COLUMN id ADD GENERATED BY DEFAULT AS IDENTITY (
    SEQUENCE NAME public.auth_group_permissions_id_seq
    START WITH 1
    INCREMENT BY 1
    NO MINVALUE
    NO MAXVALUE
    CACHE 1
);


--
-- Name: auth_permission; Type: TABLE; Schema: public; Owner: postgres
--

CREATE TABLE public.auth_permission (
    id integer NOT NULL,
    name character varying(255) NOT NULL,
    content_type_id integer NOT NULL,
    codename character varying(100) NOT NULL
);


ALTER TABLE public.auth_permission OWNER TO postgres;

--
-- Name: auth_permission_id_seq; Type: SEQUENCE; Schema: public; Owner: postgres
--

ALTER TABLE public.auth_permission ALTER COLUMN id ADD GENERATED BY DEFAULT AS IDENTITY (
    SEQUENCE NAME public.auth_permission_id_seq
    START WITH 1
    INCREMENT BY 1
    NO MINVALUE
    NO MAXVALUE
    CACHE 1
);


--
-- Name: chat_conversation; Type: TABLE; Schema: public; Owner: postgres
--

CREATE TABLE public.chat_conversation (
    id uuid NOT NULL,
    created_at timestamp with time zone NOT NULL,
    updated_at timestamp with time zone NOT NULL
);


ALTER TABLE public.chat_conversation OWNER TO postgres;

--
-- Name: chat_conversation_participants; Type: TABLE; Schema: public; Owner: postgres
--

CREATE TABLE public.chat_conversation_participants (
    id bigint NOT NULL,
    conversation_id uuid NOT NULL,
    user_id uuid NOT NULL
);


ALTER TABLE public.chat_conversation_participants OWNER TO postgres;

--
-- Name: chat_conversation_participants_id_seq; Type: SEQUENCE; Schema: public; Owner: postgres
--

ALTER TABLE public.chat_conversation_participants ALTER COLUMN id ADD GENERATED BY DEFAULT AS IDENTITY (
    SEQUENCE NAME public.chat_conversation_participants_id_seq
    START WITH 1
    INCREMENT BY 1
    NO MINVALUE
    NO MAXVALUE
    CACHE 1
);


--
-- Name: chat_message; Type: TABLE; Schema: public; Owner: postgres
--

CREATE TABLE public.chat_message (
    id uuid NOT NULL,
    content text NOT NULL,
    status character varying(10) NOT NULL,
    created_at timestamp with time zone NOT NULL,
    updated_at timestamp with time zone NOT NULL,
    is_deleted boolean NOT NULL,
    is_edited boolean NOT NULL,
    conversation_id uuid NOT NULL,
    receiver_id uuid NOT NULL,
    sender_id uuid NOT NULL,
    is_read boolean NOT NULL,
    read_at timestamp with time zone,
    file_name character varying(255),
    file_size bigint,
    file_type character varying(50),
    mime_type character varying(230),
    file character varying(255)
);


ALTER TABLE public.chat_message OWNER TO postgres;

--
-- Name: chat_notification; Type: TABLE; Schema: public; Owner: postgres
--

CREATE TABLE public.chat_notification (
    id uuid NOT NULL,
    message text NOT NULL,
    is_read boolean NOT NULL,
    created_at timestamp with time zone NOT NULL,
    user_id uuid NOT NULL,
    type character varying(20) NOT NULL,
    read_at timestamp with time zone,
    related_object_id character varying(255),
    sender_id uuid
);


ALTER TABLE public.chat_notification OWNER TO postgres;

--
-- Name: django_admin_log; Type: TABLE; Schema: public; Owner: postgres
--

CREATE TABLE public.django_admin_log (
    id integer NOT NULL,
    action_time timestamp with time zone NOT NULL,
    object_id text,
    object_repr character varying(200) NOT NULL,
    action_flag smallint NOT NULL,
    change_message text NOT NULL,
    content_type_id integer,
    user_id uuid NOT NULL,
    CONSTRAINT django_admin_log_action_flag_check CHECK ((action_flag >= 0))
);


ALTER TABLE public.django_admin_log OWNER TO postgres;

--
-- Name: django_admin_log_id_seq; Type: SEQUENCE; Schema: public; Owner: postgres
--

ALTER TABLE public.django_admin_log ALTER COLUMN id ADD GENERATED BY DEFAULT AS IDENTITY (
    SEQUENCE NAME public.django_admin_log_id_seq
    START WITH 1
    INCREMENT BY 1
    NO MINVALUE
    NO MAXVALUE
    CACHE 1
);


--
-- Name: django_content_type; Type: TABLE; Schema: public; Owner: postgres
--

CREATE TABLE public.django_content_type (
    id integer NOT NULL,
    app_label character varying(100) NOT NULL,
    model character varying(100) NOT NULL
);


ALTER TABLE public.django_content_type OWNER TO postgres;

--
-- Name: django_content_type_id_seq; Type: SEQUENCE; Schema: public; Owner: postgres
--

ALTER TABLE public.django_content_type ALTER COLUMN id ADD GENERATED BY DEFAULT AS IDENTITY (
    SEQUENCE NAME public.django_content_type_id_seq
    START WITH 1
    INCREMENT BY 1
    NO MINVALUE
    NO MAXVALUE
    CACHE 1
);


--
-- Name: django_migrations; Type: TABLE; Schema: public; Owner: postgres
--

CREATE TABLE public.django_migrations (
    id bigint NOT NULL,
    app character varying(255) NOT NULL,
    name character varying(255) NOT NULL,
    applied timestamp with time zone NOT NULL
);


ALTER TABLE public.django_migrations OWNER TO postgres;

--
-- Name: django_migrations_id_seq; Type: SEQUENCE; Schema: public; Owner: postgres
--

ALTER TABLE public.django_migrations ALTER COLUMN id ADD GENERATED BY DEFAULT AS IDENTITY (
    SEQUENCE NAME public.django_migrations_id_seq
    START WITH 1
    INCREMENT BY 1
    NO MINVALUE
    NO MAXVALUE
    CACHE 1
);


--
-- Name: django_session; Type: TABLE; Schema: public; Owner: postgres
--

CREATE TABLE public.django_session (
    session_key character varying(40) NOT NULL,
    session_data text NOT NULL,
    expire_date timestamp with time zone NOT NULL
);


ALTER TABLE public.django_session OWNER TO postgres;

--
-- Name: doctor_address; Type: TABLE; Schema: public; Owner: postgres
--

CREATE TABLE public.doctor_address (
    id uuid NOT NULL,
    address_line_1 character varying(255) NOT NULL,
    street character varying(255),
    city character varying(100) NOT NULL,
    state character varying(100) NOT NULL,
    postal_code character varying(20) NOT NULL,
    country character varying(100) NOT NULL,
    address_type character varying(50) NOT NULL,
    label character varying(50),
    is_delete boolean NOT NULL,
    is_primary boolean NOT NULL,
    created_at timestamp with time zone NOT NULL,
    updated_at timestamp with time zone NOT NULL,
    user_id uuid NOT NULL
);


ALTER TABLE public.doctor_address OWNER TO postgres;

--
-- Name: doctor_appointment; Type: TABLE; Schema: public; Owner: postgres
--

CREATE TABLE public.doctor_appointment (
    id bigint NOT NULL,
    appointment_date date NOT NULL,
    slot_time time without time zone NOT NULL,
    mode character varying(20) NOT NULL,
    status character varying(20) NOT NULL,
    total_fee numeric(10,2) NOT NULL,
    is_paid boolean NOT NULL,
    notes text,
    created_at timestamp with time zone NOT NULL,
    updated_at timestamp with time zone NOT NULL,
    doctor_id uuid NOT NULL,
    patient_id uuid NOT NULL,
    schedule_id bigint NOT NULL,
    service_id bigint,
    address_id uuid,
    medical_record_id uuid,
    distance_km double precision,
    doctor_location_id bigint,
    patient_address character varying(255) NOT NULL,
    patient_latitude numeric(10,8),
    patient_longitude numeric(11,8),
    duration interval NOT NULL,
    is_slot_booked boolean NOT NULL
);


ALTER TABLE public.doctor_appointment OWNER TO postgres;

--
-- Name: doctor_appointment_id_seq; Type: SEQUENCE; Schema: public; Owner: postgres
--

ALTER TABLE public.doctor_appointment ALTER COLUMN id ADD GENERATED BY DEFAULT AS IDENTITY (
    SEQUENCE NAME public.doctor_appointment_id_seq
    START WITH 1
    INCREMENT BY 1
    NO MINVALUE
    NO MAXVALUE
    CACHE 1
);


--
-- Name: doctor_doctor; Type: TABLE; Schema: public; Owner: postgres
--

CREATE TABLE public.doctor_doctor (
    id uuid NOT NULL,
    specialization character varying(100),
    experience integer,
    user_id uuid,
    gender character varying(10),
    bio text,
    date_of_birth date,
    is_certification_done boolean NOT NULL,
    is_education_done boolean NOT NULL,
    is_license_done boolean NOT NULL,
    is_profile_setup_done boolean NOT NULL,
    profile_picture character varying(255),
    created_at timestamp with time zone NOT NULL,
    updated_at timestamp with time zone NOT NULL,
    verification_status character varying(20) NOT NULL,
    clinic_name character varying(200) NOT NULL,
    consultation_mode_offline boolean NOT NULL,
    consultation_mode_online boolean NOT NULL,
    location character varying(200) NOT NULL,
    consultation_fee numeric(10,2),
    is_available boolean NOT NULL,
    license_number character varying(50),
    admin_comment text
);


ALTER TABLE public.doctor_doctor OWNER TO postgres;

--
-- Name: doctor_doctorcertification; Type: TABLE; Schema: public; Owner: postgres
--

CREATE TABLE public.doctor_doctorcertification (
    id uuid NOT NULL,
    certification_name character varying(100) NOT NULL,
    issued_by character varying(100) NOT NULL,
    year_of_issue integer NOT NULL,
    certificate_image character varying(255),
    created_at timestamp with time zone NOT NULL,
    doctor_id uuid NOT NULL,
    certification_certificate_id character varying(100) NOT NULL,
    CONSTRAINT doctor_doctorcertification_year_of_issue_check CHECK ((year_of_issue >= 0))
);


ALTER TABLE public.doctor_doctorcertification OWNER TO postgres;

--
-- Name: doctor_doctorearning; Type: TABLE; Schema: public; Owner: postgres
--

CREATE TABLE public.doctor_doctorearning (
    id uuid NOT NULL,
    amount numeric(10,2) NOT NULL,
    type character varying(10) NOT NULL,
    remarks text,
    created_at timestamp with time zone NOT NULL,
    appointment_id bigint NOT NULL,
    doctor_id uuid NOT NULL
);


ALTER TABLE public.doctor_doctorearning OWNER TO postgres;

--
-- Name: doctor_doctoreducation; Type: TABLE; Schema: public; Owner: postgres
--

CREATE TABLE public.doctor_doctoreducation (
    id uuid NOT NULL,
    degree_name character varying(100) NOT NULL,
    institution_name character varying(255) NOT NULL,
    year_of_completion integer NOT NULL,
    created_at timestamp with time zone NOT NULL,
    doctor_id uuid NOT NULL,
    degree_certificate_id character varying(100) NOT NULL,
    CONSTRAINT doctor_doctoreducation_year_of_completion_check CHECK ((year_of_completion >= 0))
);


ALTER TABLE public.doctor_doctoreducation OWNER TO postgres;

--
-- Name: doctor_doctorlocation; Type: TABLE; Schema: public; Owner: postgres
--

CREATE TABLE public.doctor_doctorlocation (
    id bigint NOT NULL,
    name character varying(100) NOT NULL,
    latitude numeric(10,8) NOT NULL,
    longitude numeric(11,8) NOT NULL,
    is_active boolean NOT NULL,
    created_at timestamp with time zone NOT NULL,
    doctor_id uuid NOT NULL,
    loc_name character varying(100),
    is_current boolean NOT NULL,
    updated_at timestamp with time zone NOT NULL
);


ALTER TABLE public.doctor_doctorlocation OWNER TO postgres;

--
-- Name: doctor_doctorlocation_id_seq; Type: SEQUENCE; Schema: public; Owner: postgres
--

ALTER TABLE public.doctor_doctorlocation ALTER COLUMN id ADD GENERATED BY DEFAULT AS IDENTITY (
    SEQUENCE NAME public.doctor_doctorlocation_id_seq
    START WITH 1
    INCREMENT BY 1
    NO MINVALUE
    NO MAXVALUE
    CACHE 1
);


--
-- Name: doctor_doctorproof; Type: TABLE; Schema: public; Owner: postgres
--

CREATE TABLE public.doctor_doctorproof (
    id uuid NOT NULL,
    medical_license_number character varying(100) NOT NULL,
    license_doc_id character varying(100) NOT NULL,
    license_proof_image character varying(255),
    created_at timestamp with time zone NOT NULL,
    doctor_id uuid NOT NULL,
    id_proof character varying(255)
);


ALTER TABLE public.doctor_doctorproof OWNER TO postgres;

--
-- Name: doctor_doctorreview; Type: TABLE; Schema: public; Owner: postgres
--

CREATE TABLE public.doctor_doctorreview (
    id bigint NOT NULL,
    rating integer NOT NULL,
    description text NOT NULL,
    status character varying(10) NOT NULL,
    reviewed_at timestamp with time zone,
    admin_notes text NOT NULL,
    created_at timestamp with time zone NOT NULL,
    updated_at timestamp with time zone NOT NULL,
    appointment_id bigint,
    doctor_id uuid NOT NULL,
    patient_id uuid NOT NULL,
    reviewed_by_id uuid
);


ALTER TABLE public.doctor_doctorreview OWNER TO postgres;

--
-- Name: doctor_doctorreview_id_seq; Type: SEQUENCE; Schema: public; Owner: postgres
--

ALTER TABLE public.doctor_doctorreview ALTER COLUMN id ADD GENERATED BY DEFAULT AS IDENTITY (
    SEQUENCE NAME public.doctor_doctorreview_id_seq
    START WITH 1
    INCREMENT BY 1
    NO MINVALUE
    NO MAXVALUE
    CACHE 1
);


--
-- Name: doctor_doctorsubscription; Type: TABLE; Schema: public; Owner: postgres
--

CREATE TABLE public.doctor_doctorsubscription (
    id bigint NOT NULL,
    start_date timestamp with time zone NOT NULL,
    end_date timestamp with time zone NOT NULL,
    status character varying(20) NOT NULL,
    amount_paid numeric(8,2) NOT NULL,
    created_at timestamp with time zone NOT NULL,
    updated_at timestamp with time zone NOT NULL,
    doctor_id uuid NOT NULL,
    plan_id bigint NOT NULL,
    paid_at timestamp with time zone,
    payment_status character varying(20) NOT NULL,
    razorpay_order_id character varying(100),
    razorpay_signature character varying(255),
    cancelled_at timestamp with time zone,
    is_direct_upgrade boolean NOT NULL,
    previous_plan_id bigint,
    razorpay_payment_id character varying(100)
);


ALTER TABLE public.doctor_doctorsubscription OWNER TO postgres;

--
-- Name: doctor_doctorsubscription_id_seq; Type: SEQUENCE; Schema: public; Owner: postgres
--

ALTER TABLE public.doctor_doctorsubscription ALTER COLUMN id ADD GENERATED BY DEFAULT AS IDENTITY (
    SEQUENCE NAME public.doctor_doctorsubscription_id_seq
    START WITH 1
    INCREMENT BY 1
    NO MINVALUE
    NO MAXVALUE
    CACHE 1
);


--
-- Name: doctor_doctorwallet; Type: TABLE; Schema: public; Owner: postgres
--

CREATE TABLE public.doctor_doctorwallet (
    id bigint NOT NULL,
    balance numeric(12,2) NOT NULL,
    doctor_id uuid NOT NULL
);


ALTER TABLE public.doctor_doctorwallet OWNER TO postgres;

--
-- Name: doctor_doctorwallet_id_seq; Type: SEQUENCE; Schema: public; Owner: postgres
--

ALTER TABLE public.doctor_doctorwallet ALTER COLUMN id ADD GENERATED BY DEFAULT AS IDENTITY (
    SEQUENCE NAME public.doctor_doctorwallet_id_seq
    START WITH 1
    INCREMENT BY 1
    NO MINVALUE
    NO MAXVALUE
    CACHE 1
);


--
-- Name: doctor_emailotp; Type: TABLE; Schema: public; Owner: postgres
--

CREATE TABLE public.doctor_emailotp (
    id bigint NOT NULL,
    otp character varying(6) NOT NULL,
    created_at timestamp with time zone NOT NULL,
    user_id uuid NOT NULL
);


ALTER TABLE public.doctor_emailotp OWNER TO postgres;

--
-- Name: doctor_emailotp_id_seq; Type: SEQUENCE; Schema: public; Owner: postgres
--

ALTER TABLE public.doctor_emailotp ALTER COLUMN id ADD GENERATED BY DEFAULT AS IDENTITY (
    SEQUENCE NAME public.doctor_emailotp_id_seq
    START WITH 1
    INCREMENT BY 1
    NO MINVALUE
    NO MAXVALUE
    CACHE 1
);


--
-- Name: doctor_medical_record; Type: TABLE; Schema: public; Owner: postgres
--

CREATE TABLE public.doctor_medical_record (
    id uuid NOT NULL,
    chronic_diseases text NOT NULL,
    allergies text NOT NULL,
    medications text NOT NULL,
    surgeries text NOT NULL,
    lifestyle text NOT NULL,
    vaccination_history text NOT NULL,
    created_at timestamp with time zone NOT NULL,
    updated_at timestamp with time zone NOT NULL,
    patient_id uuid NOT NULL
);


ALTER TABLE public.doctor_medical_record OWNER TO postgres;

--
-- Name: doctor_patient; Type: TABLE; Schema: public; Owner: postgres
--

CREATE TABLE public.doctor_patient (
    id uuid NOT NULL,
    blood_group character varying(5),
    age integer,
    user_id uuid,
    profile_picture character varying(255),
    gender character varying(10),
    created_at timestamp with time zone NOT NULL,
    updated_at timestamp with time zone NOT NULL
);


ALTER TABLE public.doctor_patient OWNER TO postgres;

--
-- Name: doctor_patientlocation; Type: TABLE; Schema: public; Owner: postgres
--

CREATE TABLE public.doctor_patientlocation (
    id bigint NOT NULL,
    latitude numeric(20,15) NOT NULL,
    longitude numeric(21,15) NOT NULL,
    updated_at timestamp with time zone NOT NULL,
    created_at timestamp with time zone NOT NULL,
    patient_id uuid NOT NULL
);


ALTER TABLE public.doctor_patientlocation OWNER TO postgres;

--
-- Name: doctor_patientlocation_id_seq; Type: SEQUENCE; Schema: public; Owner: postgres
--

ALTER TABLE public.doctor_patientlocation ALTER COLUMN id ADD GENERATED BY DEFAULT AS IDENTITY (
    SEQUENCE NAME public.doctor_patientlocation_id_seq
    START WITH 1
    INCREMENT BY 1
    NO MINVALUE
    NO MAXVALUE
    CACHE 1
);


--
-- Name: doctor_patienttransaction; Type: TABLE; Schema: public; Owner: postgres
--

CREATE TABLE public.doctor_patienttransaction (
    id bigint NOT NULL,
    amount numeric(12,2) NOT NULL,
    type character varying(10) NOT NULL,
    remarks text,
    created_at timestamp with time zone NOT NULL,
    updated_at timestamp with time zone NOT NULL,
    appointment_id bigint,
    patient_id uuid NOT NULL
);


ALTER TABLE public.doctor_patienttransaction OWNER TO postgres;

--
-- Name: doctor_patienttransaction_id_seq; Type: SEQUENCE; Schema: public; Owner: postgres
--

ALTER TABLE public.doctor_patienttransaction ALTER COLUMN id ADD GENERATED BY DEFAULT AS IDENTITY (
    SEQUENCE NAME public.doctor_patienttransaction_id_seq
    START WITH 1
    INCREMENT BY 1
    NO MINVALUE
    NO MAXVALUE
    CACHE 1
);


--
-- Name: doctor_patientwallet; Type: TABLE; Schema: public; Owner: postgres
--

CREATE TABLE public.doctor_patientwallet (
    id bigint NOT NULL,
    balance numeric(12,2) NOT NULL,
    patient_id uuid NOT NULL,
    created_at timestamp with time zone NOT NULL,
    updated_at timestamp with time zone NOT NULL
);


ALTER TABLE public.doctor_patientwallet OWNER TO postgres;

--
-- Name: doctor_patientwallet_id_seq; Type: SEQUENCE; Schema: public; Owner: postgres
--

ALTER TABLE public.doctor_patientwallet ALTER COLUMN id ADD GENERATED BY DEFAULT AS IDENTITY (
    SEQUENCE NAME public.doctor_patientwallet_id_seq
    START WITH 1
    INCREMENT BY 1
    NO MINVALUE
    NO MAXVALUE
    CACHE 1
);


--
-- Name: doctor_payment; Type: TABLE; Schema: public; Owner: postgres
--

CREATE TABLE public.doctor_payment (
    id uuid NOT NULL,
    amount numeric(10,2) NOT NULL,
    method character varying(20) NOT NULL,
    status character varying(20) NOT NULL,
    remarks text,
    paid_at timestamp with time zone,
    created_at timestamp with time zone NOT NULL,
    appointment_id bigint NOT NULL,
    razorpay_order_id character varying(100),
    razorpay_payment_id character varying(100),
    razorpay_signature character varying(200),
    failure_reason text
);


ALTER TABLE public.doctor_payment OWNER TO postgres;

--
-- Name: doctor_schedules; Type: TABLE; Schema: public; Owner: postgres
--

CREATE TABLE public.doctor_schedules (
    id bigint NOT NULL,
    mode character varying(20) NOT NULL,
    date date NOT NULL,
    start_time time without time zone NOT NULL,
    end_time time without time zone NOT NULL,
    slot_duration interval NOT NULL,
    total_slots integer NOT NULL,
    booked_slots integer NOT NULL,
    max_patients_per_slot integer NOT NULL,
    is_active boolean NOT NULL,
    created_at timestamp with time zone NOT NULL,
    updated_at timestamp with time zone NOT NULL,
    doctor_id uuid NOT NULL,
    service_id bigint NOT NULL,
    break_end_time time without time zone,
    break_start_time time without time zone,
    CONSTRAINT doctor_schedules_booked_slots_check CHECK ((booked_slots >= 0)),
    CONSTRAINT doctor_schedules_max_patients_per_slot_check CHECK ((max_patients_per_slot >= 0)),
    CONSTRAINT doctor_schedules_total_slots_check CHECK ((total_slots >= 0))
);


ALTER TABLE public.doctor_schedules OWNER TO postgres;

--
-- Name: doctor_schedules_id_seq; Type: SEQUENCE; Schema: public; Owner: postgres
--

ALTER TABLE public.doctor_schedules ALTER COLUMN id ADD GENERATED BY DEFAULT AS IDENTITY (
    SEQUENCE NAME public.doctor_schedules_id_seq
    START WITH 1
    INCREMENT BY 1
    NO MINVALUE
    NO MAXVALUE
    CACHE 1
);


--
-- Name: doctor_service; Type: TABLE; Schema: public; Owner: postgres
--

CREATE TABLE public.doctor_service (
    id bigint NOT NULL,
    service_name character varying(50) NOT NULL,
    service_mode character varying(20) NOT NULL,
    service_fee double precision NOT NULL,
    description character varying(1500) NOT NULL,
    is_active boolean NOT NULL,
    created_at timestamp with time zone NOT NULL,
    updated_at timestamp with time zone NOT NULL,
    doctor_id uuid NOT NULL,
    slot_duration interval NOT NULL
);


ALTER TABLE public.doctor_service OWNER TO postgres;

--
-- Name: doctor_service_id_seq; Type: SEQUENCE; Schema: public; Owner: postgres
--

ALTER TABLE public.doctor_service ALTER COLUMN id ADD GENERATED BY DEFAULT AS IDENTITY (
    SEQUENCE NAME public.doctor_service_id_seq
    START WITH 1
    INCREMENT BY 1
    NO MINVALUE
    NO MAXVALUE
    CACHE 1
);


--
-- Name: doctor_subscriptionplan; Type: TABLE; Schema: public; Owner: postgres
--

CREATE TABLE public.doctor_subscriptionplan (
    id bigint NOT NULL,
    name character varying(50) NOT NULL,
    price numeric(8,2) NOT NULL,
    duration_days integer NOT NULL,
    max_services integer NOT NULL,
    max_schedules_per_day integer NOT NULL,
    max_schedules_per_month integer NOT NULL,
    can_create_online_service boolean NOT NULL,
    can_create_offline_service boolean NOT NULL,
    is_active boolean NOT NULL,
    created_at timestamp with time zone NOT NULL,
    allowed_service_types character varying(50)[] NOT NULL
);


ALTER TABLE public.doctor_subscriptionplan OWNER TO postgres;

--
-- Name: doctor_subscriptionplan_id_seq; Type: SEQUENCE; Schema: public; Owner: postgres
--

ALTER TABLE public.doctor_subscriptionplan ALTER COLUMN id ADD GENERATED BY DEFAULT AS IDENTITY (
    SEQUENCE NAME public.doctor_subscriptionplan_id_seq
    START WITH 1
    INCREMENT BY 1
    NO MINVALUE
    NO MAXVALUE
    CACHE 1
);


--
-- Name: doctor_subscriptionupgrade; Type: TABLE; Schema: public; Owner: postgres
--

CREATE TABLE public.doctor_subscriptionupgrade (
    id bigint NOT NULL,
    upgrade_price numeric(8,2) NOT NULL,
    remaining_days integer NOT NULL,
    razorpay_order_id character varying(100) NOT NULL,
    status character varying(20) NOT NULL,
    created_at timestamp with time zone NOT NULL,
    completed_at timestamp with time zone,
    new_plan_id bigint NOT NULL,
    old_plan_id bigint NOT NULL,
    subscription_id bigint NOT NULL,
    CONSTRAINT doctor_subscriptionupgrade_remaining_days_check CHECK ((remaining_days >= 0))
);


ALTER TABLE public.doctor_subscriptionupgrade OWNER TO postgres;

--
-- Name: doctor_subscriptionupgrade_id_seq; Type: SEQUENCE; Schema: public; Owner: postgres
--

ALTER TABLE public.doctor_subscriptionupgrade ALTER COLUMN id ADD GENERATED BY DEFAULT AS IDENTITY (
    SEQUENCE NAME public.doctor_subscriptionupgrade_id_seq
    START WITH 1
    INCREMENT BY 1
    NO MINVALUE
    NO MAXVALUE
    CACHE 1
);


--
-- Name: doctor_user; Type: TABLE; Schema: public; Owner: postgres
--

CREATE TABLE public.doctor_user (
    password character varying(128) NOT NULL,
    last_login timestamp with time zone,
    is_superuser boolean NOT NULL,
    id uuid NOT NULL,
    email character varying(254) NOT NULL,
    role character varying(10) NOT NULL,
    reference_id uuid,
    is_active boolean NOT NULL,
    is_staff boolean NOT NULL,
    first_name character varying(30),
    last_name character varying(30),
    username character varying(150),
    is_blocked boolean NOT NULL,
    phone_number character varying(15) NOT NULL,
    is_online boolean NOT NULL,
    last_seen timestamp with time zone
);


ALTER TABLE public.doctor_user OWNER TO postgres;

--
-- Name: doctor_user_groups; Type: TABLE; Schema: public; Owner: postgres
--

CREATE TABLE public.doctor_user_groups (
    id bigint NOT NULL,
    user_id uuid NOT NULL,
    group_id integer NOT NULL
);


ALTER TABLE public.doctor_user_groups OWNER TO postgres;

--
-- Name: doctor_user_groups_id_seq; Type: SEQUENCE; Schema: public; Owner: postgres
--

ALTER TABLE public.doctor_user_groups ALTER COLUMN id ADD GENERATED BY DEFAULT AS IDENTITY (
    SEQUENCE NAME public.doctor_user_groups_id_seq
    START WITH 1
    INCREMENT BY 1
    NO MINVALUE
    NO MAXVALUE
    CACHE 1
);


--
-- Name: doctor_user_user_permissions; Type: TABLE; Schema: public; Owner: postgres
--

CREATE TABLE public.doctor_user_user_permissions (
    id bigint NOT NULL,
    user_id uuid NOT NULL,
    permission_id integer NOT NULL
);


ALTER TABLE public.doctor_user_user_permissions OWNER TO postgres;

--
-- Name: doctor_user_user_permissions_id_seq; Type: SEQUENCE; Schema: public; Owner: postgres
--

ALTER TABLE public.doctor_user_user_permissions ALTER COLUMN id ADD GENERATED BY DEFAULT AS IDENTITY (
    SEQUENCE NAME public.doctor_user_user_permissions_id_seq
    START WITH 1
    INCREMENT BY 1
    NO MINVALUE
    NO MAXVALUE
    CACHE 1
);


--
-- Name: token_blacklist_blacklistedtoken; Type: TABLE; Schema: public; Owner: postgres
--

CREATE TABLE public.token_blacklist_blacklistedtoken (
    id bigint NOT NULL,
    blacklisted_at timestamp with time zone NOT NULL,
    token_id bigint NOT NULL
);


ALTER TABLE public.token_blacklist_blacklistedtoken OWNER TO postgres;

--
-- Name: token_blacklist_blacklistedtoken_id_seq; Type: SEQUENCE; Schema: public; Owner: postgres
--

ALTER TABLE public.token_blacklist_blacklistedtoken ALTER COLUMN id ADD GENERATED BY DEFAULT AS IDENTITY (
    SEQUENCE NAME public.token_blacklist_blacklistedtoken_id_seq
    START WITH 1
    INCREMENT BY 1
    NO MINVALUE
    NO MAXVALUE
    CACHE 1
);


--
-- Name: token_blacklist_outstandingtoken; Type: TABLE; Schema: public; Owner: postgres
--

CREATE TABLE public.token_blacklist_outstandingtoken (
    id bigint NOT NULL,
    token text NOT NULL,
    created_at timestamp with time zone,
    expires_at timestamp with time zone NOT NULL,
    user_id uuid,
    jti character varying(255) NOT NULL
);


ALTER TABLE public.token_blacklist_outstandingtoken OWNER TO postgres;

--
-- Name: token_blacklist_outstandingtoken_id_seq; Type: SEQUENCE; Schema: public; Owner: postgres
--

ALTER TABLE public.token_blacklist_outstandingtoken ALTER COLUMN id ADD GENERATED BY DEFAULT AS IDENTITY (
    SEQUENCE NAME public.token_blacklist_outstandingtoken_id_seq
    START WITH 1
    INCREMENT BY 1
    NO MINVALUE
    NO MAXVALUE
    CACHE 1
);


--
-- Name: videocall_activecall; Type: TABLE; Schema: public; Owner: postgres
--

CREATE TABLE public.videocall_activecall (
    id bigint NOT NULL,
    caller_channel character varying(255) NOT NULL,
    callee_channel character varying(255),
    room_name character varying(255) NOT NULL,
    created_at timestamp with time zone NOT NULL,
    call_record_id bigint NOT NULL
);


ALTER TABLE public.videocall_activecall OWNER TO postgres;

--
-- Name: videocall_activecall_id_seq; Type: SEQUENCE; Schema: public; Owner: postgres
--

ALTER TABLE public.videocall_activecall ALTER COLUMN id ADD GENERATED BY DEFAULT AS IDENTITY (
    SEQUENCE NAME public.videocall_activecall_id_seq
    START WITH 1
    INCREMENT BY 1
    NO MINVALUE
    NO MAXVALUE
    CACHE 1
);


--
-- Name: videocall_callrecord; Type: TABLE; Schema: public; Owner: postgres
--

CREATE TABLE public.videocall_callrecord (
    id bigint NOT NULL,
    status character varying(20) NOT NULL,
    started_at timestamp with time zone NOT NULL,
    ended_at timestamp with time zone,
    duration interval,
    callee_id uuid NOT NULL,
    caller_id uuid NOT NULL,
    appointment_id integer
);


ALTER TABLE public.videocall_callrecord OWNER TO postgres;

--
-- Name: videocall_callrecord_id_seq; Type: SEQUENCE; Schema: public; Owner: postgres
--

ALTER TABLE public.videocall_callrecord ALTER COLUMN id ADD GENERATED BY DEFAULT AS IDENTITY (
    SEQUENCE NAME public.videocall_callrecord_id_seq
    START WITH 1
    INCREMENT BY 1
    NO MINVALUE
    NO MAXVALUE
    CACHE 1
);


--
-- Data for Name: auth_group; Type: TABLE DATA; Schema: public; Owner: postgres
--

COPY public.auth_group (id, name) FROM stdin;
\.


--
-- Data for Name: auth_group_permissions; Type: TABLE DATA; Schema: public; Owner: postgres
--

COPY public.auth_group_permissions (id, group_id, permission_id) FROM stdin;
\.


--
-- Data for Name: auth_permission; Type: TABLE DATA; Schema: public; Owner: postgres
--

COPY public.auth_permission (id, name, content_type_id, codename) FROM stdin;
1	Can add log entry	1	add_logentry
2	Can change log entry	1	change_logentry
3	Can delete log entry	1	delete_logentry
4	Can view log entry	1	view_logentry
5	Can add permission	2	add_permission
6	Can change permission	2	change_permission
7	Can delete permission	2	delete_permission
8	Can view permission	2	view_permission
9	Can add group	3	add_group
10	Can change group	3	change_group
11	Can delete group	3	delete_group
12	Can view group	3	view_group
13	Can add content type	4	add_contenttype
14	Can change content type	4	change_contenttype
15	Can delete content type	4	delete_contenttype
16	Can view content type	4	view_contenttype
17	Can add session	5	add_session
18	Can change session	5	change_session
19	Can delete session	5	delete_session
20	Can view session	5	view_session
21	Can add doctor	6	add_doctor
22	Can change doctor	6	change_doctor
23	Can delete doctor	6	delete_doctor
24	Can view doctor	6	view_doctor
25	Can add patient	7	add_patient
26	Can change patient	7	change_patient
27	Can delete patient	7	delete_patient
28	Can view patient	7	view_patient
29	Can add user	8	add_user
30	Can change user	8	change_user
31	Can delete user	8	delete_user
32	Can view user	8	view_user
33	Can add email otp	9	add_emailotp
34	Can change email otp	9	change_emailotp
35	Can delete email otp	9	delete_emailotp
36	Can view email otp	9	view_emailotp
37	Can add address	10	add_address
38	Can change address	10	change_address
39	Can delete address	10	delete_address
40	Can view address	10	view_address
41	Can add doctor certification	11	add_doctorcertification
42	Can change doctor certification	11	change_doctorcertification
43	Can delete doctor certification	11	delete_doctorcertification
44	Can view doctor certification	11	view_doctorcertification
45	Can add doctor education	12	add_doctoreducation
46	Can change doctor education	12	change_doctoreducation
47	Can delete doctor education	12	delete_doctoreducation
48	Can view doctor education	12	view_doctoreducation
49	Can add doctor proof	13	add_doctorproof
50	Can change doctor proof	13	change_doctorproof
51	Can delete doctor proof	13	delete_doctorproof
52	Can view doctor proof	13	view_doctorproof
53	Can add service	14	add_service
54	Can change service	14	change_service
55	Can delete service	14	delete_service
56	Can view service	14	view_service
57	Can add Schedule	15	add_schedules
58	Can change Schedule	15	change_schedules
59	Can delete Schedule	15	delete_schedules
60	Can view Schedule	15	view_schedules
61	Can add medical_ record	16	add_medical_record
62	Can change medical_ record	16	change_medical_record
63	Can delete medical_ record	16	delete_medical_record
64	Can view medical_ record	16	view_medical_record
65	Can add appointment	17	add_appointment
66	Can change appointment	17	change_appointment
67	Can delete appointment	17	delete_appointment
68	Can view appointment	17	view_appointment
69	Can add payment	18	add_payment
70	Can change payment	18	change_payment
71	Can delete payment	18	delete_payment
72	Can view payment	18	view_payment
73	Can add doctor location	19	add_doctorlocation
74	Can change doctor location	19	change_doctorlocation
75	Can delete doctor location	19	delete_doctorlocation
76	Can view doctor location	19	view_doctorlocation
77	Can add patient location	20	add_patientlocation
78	Can change patient location	20	change_patientlocation
79	Can delete patient location	20	delete_patientlocation
80	Can view patient location	20	view_patientlocation
81	Can add subscription plan	21	add_subscriptionplan
82	Can change subscription plan	21	change_subscriptionplan
83	Can delete subscription plan	21	delete_subscriptionplan
84	Can view subscription plan	21	view_subscriptionplan
85	Can add doctor subscription	22	add_doctorsubscription
86	Can change doctor subscription	22	change_doctorsubscription
87	Can delete doctor subscription	22	delete_doctorsubscription
88	Can view doctor subscription	22	view_doctorsubscription
89	Can add subscription upgrade	23	add_subscriptionupgrade
90	Can change subscription upgrade	23	change_subscriptionupgrade
91	Can delete subscription upgrade	23	delete_subscriptionupgrade
92	Can view subscription upgrade	23	view_subscriptionupgrade
93	Can add doctor earning	24	add_doctorearning
94	Can change doctor earning	24	change_doctorearning
95	Can delete doctor earning	24	delete_doctorearning
96	Can view doctor earning	24	view_doctorearning
97	Can add doctor review	25	add_doctorreview
98	Can change doctor review	25	change_doctorreview
99	Can delete doctor review	25	delete_doctorreview
100	Can view doctor review	25	view_doctorreview
101	Can add doctor wallet	26	add_doctorwallet
102	Can change doctor wallet	26	change_doctorwallet
103	Can delete doctor wallet	26	delete_doctorwallet
104	Can view doctor wallet	26	view_doctorwallet
105	Can add patient transaction	27	add_patienttransaction
106	Can change patient transaction	27	change_patienttransaction
107	Can delete patient transaction	27	delete_patienttransaction
108	Can view patient transaction	27	view_patienttransaction
109	Can add patient wallet	28	add_patientwallet
110	Can change patient wallet	28	change_patientwallet
111	Can delete patient wallet	28	delete_patientwallet
112	Can view patient wallet	28	view_patientwallet
113	Can add conversation	29	add_conversation
114	Can change conversation	29	change_conversation
115	Can delete conversation	29	delete_conversation
116	Can view conversation	29	view_conversation
117	Can add message	30	add_message
118	Can change message	30	change_message
119	Can delete message	30	delete_message
120	Can view message	30	view_message
121	Can add notification	31	add_notification
122	Can change notification	31	change_notification
123	Can delete notification	31	delete_notification
124	Can view notification	31	view_notification
125	Can add call record	32	add_callrecord
126	Can change call record	32	change_callrecord
127	Can delete call record	32	delete_callrecord
128	Can view call record	32	view_callrecord
129	Can add active call	33	add_activecall
130	Can change active call	33	change_activecall
131	Can delete active call	33	delete_activecall
132	Can view active call	33	view_activecall
133	Can add blacklisted token	34	add_blacklistedtoken
134	Can change blacklisted token	34	change_blacklistedtoken
135	Can delete blacklisted token	34	delete_blacklistedtoken
136	Can view blacklisted token	34	view_blacklistedtoken
137	Can add outstanding token	35	add_outstandingtoken
138	Can change outstanding token	35	change_outstandingtoken
139	Can delete outstanding token	35	delete_outstandingtoken
140	Can view outstanding token	35	view_outstandingtoken
\.


--
-- Data for Name: chat_conversation; Type: TABLE DATA; Schema: public; Owner: postgres
--

COPY public.chat_conversation (id, created_at, updated_at) FROM stdin;
\.


--
-- Data for Name: chat_conversation_participants; Type: TABLE DATA; Schema: public; Owner: postgres
--

COPY public.chat_conversation_participants (id, conversation_id, user_id) FROM stdin;
\.


--
-- Data for Name: chat_message; Type: TABLE DATA; Schema: public; Owner: postgres
--

COPY public.chat_message (id, content, status, created_at, updated_at, is_deleted, is_edited, conversation_id, receiver_id, sender_id, is_read, read_at, file_name, file_size, file_type, mime_type, file) FROM stdin;
\.


--
-- Data for Name: chat_notification; Type: TABLE DATA; Schema: public; Owner: postgres
--

COPY public.chat_notification (id, message, is_read, created_at, user_id, type, read_at, related_object_id, sender_id) FROM stdin;
\.


--
-- Data for Name: django_admin_log; Type: TABLE DATA; Schema: public; Owner: postgres
--

COPY public.django_admin_log (id, action_time, object_id, object_repr, action_flag, change_message, content_type_id, user_id) FROM stdin;
\.


--
-- Data for Name: django_content_type; Type: TABLE DATA; Schema: public; Owner: postgres
--

COPY public.django_content_type (id, app_label, model) FROM stdin;
1	admin	logentry
2	auth	permission
3	auth	group
4	contenttypes	contenttype
5	sessions	session
6	doctor	doctor
7	doctor	patient
8	doctor	user
9	doctor	emailotp
10	doctor	address
11	doctor	doctorcertification
12	doctor	doctoreducation
13	doctor	doctorproof
14	doctor	service
15	doctor	schedules
16	doctor	medical_record
17	doctor	appointment
18	doctor	payment
19	doctor	doctorlocation
20	doctor	patientlocation
21	doctor	subscriptionplan
22	doctor	doctorsubscription
23	doctor	subscriptionupgrade
24	doctor	doctorearning
25	doctor	doctorreview
26	doctor	doctorwallet
27	doctor	patienttransaction
28	doctor	patientwallet
29	chat	conversation
30	chat	message
31	chat	notification
32	videocall	callrecord
33	videocall	activecall
34	token_blacklist	blacklistedtoken
35	token_blacklist	outstandingtoken
\.


--
-- Data for Name: django_migrations; Type: TABLE DATA; Schema: public; Owner: postgres
--

COPY public.django_migrations (id, app, name, applied) FROM stdin;
1	contenttypes	0001_initial	2025-08-25 17:54:25.783144+00
2	contenttypes	0002_remove_content_type_name	2025-08-25 17:54:25.7944+00
3	auth	0001_initial	2025-08-25 17:54:25.902293+00
4	auth	0002_alter_permission_name_max_length	2025-08-25 17:54:25.912188+00
5	auth	0003_alter_user_email_max_length	2025-08-25 17:54:25.921484+00
6	auth	0004_alter_user_username_opts	2025-08-25 17:54:25.935867+00
7	auth	0005_alter_user_last_login_null	2025-08-25 17:54:25.947614+00
8	auth	0006_require_contenttypes_0002	2025-08-25 17:54:25.952342+00
9	auth	0007_alter_validators_add_error_messages	2025-08-25 17:54:25.969035+00
10	auth	0008_alter_user_username_max_length	2025-08-25 17:54:25.977889+00
11	auth	0009_alter_user_last_name_max_length	2025-08-25 17:54:25.992857+00
12	auth	0010_alter_group_name_max_length	2025-08-25 17:54:26.011926+00
13	auth	0011_update_proxy_permissions	2025-08-25 17:54:26.021194+00
14	auth	0012_alter_user_first_name_max_length	2025-08-25 17:54:26.034701+00
15	doctor	0001_initial	2025-08-25 17:54:26.217094+00
16	admin	0001_initial	2025-08-25 17:54:26.284694+00
17	admin	0002_logentry_remove_auto_add	2025-08-25 17:54:26.295208+00
18	admin	0003_logentry_add_action_flag_choices	2025-08-25 17:54:26.308323+00
19	chat	0001_initial	2025-08-25 17:54:26.449536+00
20	chat	0002_message_is_read_message_read_at_notification_read_at_and_more	2025-08-25 17:54:26.491028+00
21	chat	0003_message_file_message_file_name_message_file_size_and_more	2025-08-25 17:54:26.55765+00
22	chat	0004_remove_message_file	2025-08-25 17:54:26.574911+00
23	chat	0005_message_file	2025-08-25 17:54:26.602025+00
24	chat	0006_alter_message_file	2025-08-25 17:54:26.61885+00
25	chat	0007_remove_notification_data_and_more	2025-08-25 17:54:26.678221+00
26	chat	0008_notification_read_at	2025-08-25 17:54:26.696349+00
27	chat	0009_notification_related_object_id_notification_sender	2025-08-25 17:54:26.726832+00
28	doctor	0002_remove_user_name_user_first_name_user_last_name_and_more	2025-08-25 17:54:26.796411+00
29	doctor	0003_user_is_blocked_user_otp_user_otp_created_at	2025-08-25 17:54:26.842535+00
30	doctor	0004_remove_user_otp_remove_user_otp_created_at_and_more	2025-08-25 17:54:26.968542+00
31	doctor	0005_user_phone_number	2025-08-25 17:54:26.987464+00
32	doctor	0006_alter_user_role	2025-08-25 17:54:27.013259+00
33	doctor	0007_alter_user_role	2025-08-25 17:54:27.028514+00
34	doctor	0008_alter_user_is_active	2025-08-25 17:54:27.047233+00
35	doctor	0009_remove_patient_medical_history_and_more	2025-08-25 17:54:27.080442+00
36	doctor	0010_patient_gender_address	2025-08-25 17:54:27.139547+00
37	doctor	0011_doctor_gender_doctorcertification_doctoreducation_and_more	2025-08-25 17:54:27.265603+00
38	doctor	0012_doctorproof_id_proof_and_more	2025-08-25 17:54:27.303796+00
39	doctor	0013_doctor_bio_doctor_date_of_birth_and_more	2025-08-25 17:54:27.588434+00
40	doctor	0014_doctor_created_at_doctor_updated_at	2025-08-25 17:54:27.641435+00
41	doctor	0015_doctor_verification_status	2025-08-25 17:54:27.667878+00
42	doctor	0016_doctor_clinic_name_doctor_consultation_mode_offline_and_more	2025-08-25 17:54:27.752913+00
43	doctor	0017_doctor_consultation_fee_doctor_is_available_and_more	2025-08-25 17:54:27.82362+00
44	doctor	0018_alter_doctor_consultation_fee	2025-08-25 17:54:27.84368+00
45	doctor	0019_alter_doctor_specialization	2025-08-25 17:54:27.872206+00
46	doctor	0020_remove_doctorcertification_certificate_id_and_more	2025-08-25 17:54:27.901269+00
47	doctor	0021_doctorcertification_certification_certificate_id_and_more	2025-08-25 17:54:27.929319+00
48	doctor	0022_doctor_admin_comment	2025-08-25 17:54:27.954765+00
49	doctor	0023_adminprofile	2025-08-25 17:54:27.993308+00
50	doctor	0024_remove_adminprofile_profile_picture	2025-08-25 17:54:28.012627+00
51	doctor	0025_adminprofile_profile_picture	2025-08-25 17:54:28.032185+00
52	doctor	0026_delete_adminprofile	2025-08-25 17:54:28.039626+00
53	doctor	0027_service	2025-08-25 17:54:28.0588+00
54	doctor	0028_schedules	2025-08-25 17:54:28.107002+00
55	doctor	0029_delete_schedules_delete_service	2025-08-25 17:54:28.114187+00
56	doctor	0030_service_schedules	2025-08-25 17:54:28.174948+00
57	doctor	0031_alter_schedules_options_schedules_break_end_time_and_more	2025-08-25 17:54:28.219666+00
58	doctor	0032_service_doctor	2025-08-25 17:54:28.256109+00
59	doctor	0033_alter_service_doctor	2025-08-25 17:54:28.29225+00
60	doctor	0034_alter_service_doctor	2025-08-25 17:54:28.328139+00
61	doctor	0035_alter_service_doctor	2025-08-25 17:54:28.361614+00
62	doctor	0036_medical_record	2025-08-25 17:54:28.415806+00
63	doctor	0037_appointment	2025-08-25 17:54:28.491155+00
64	doctor	0038_appointment_address	2025-08-25 17:54:28.531591+00
65	doctor	0039_payment	2025-08-25 17:54:28.579885+00
66	doctor	0040_appointment_medical_record	2025-08-25 17:54:28.699637+00
67	doctor	0041_patientlocation	2025-08-25 17:54:28.765865+00
68	doctor	0042_delete_patientlocation	2025-08-25 17:54:28.774921+00
69	doctor	0043_doctorlocation_patientlocation	2025-08-25 17:54:28.899964+00
70	doctor	0044_remove_doctorlocation_address_and_more	2025-08-25 17:54:28.943448+00
71	doctor	0045_doctorlocation_loc_name_patientlocation_loc_name	2025-08-25 17:54:28.975749+00
72	doctor	0046_appointment_distance_km_appointment_doctor_location_and_more	2025-08-25 17:54:29.123107+00
73	doctor	0047_doctorlocation_is_current	2025-08-25 17:54:29.145275+00
74	doctor	0048_doctorlocation_updated_at	2025-08-25 17:54:29.163855+00
75	doctor	0049_alter_doctor_created_at	2025-08-25 17:54:29.195914+00
76	doctor	0050_alter_doctor_updated_at	2025-08-25 17:54:29.220883+00
77	doctor	0051_patient_created_at_patient_updated_at	2025-08-25 17:54:29.273696+00
78	doctor	0052_alter_patientlocation_options_and_more	2025-08-25 17:54:29.325728+00
79	doctor	0053_alter_patientlocation_options_and_more	2025-08-25 17:54:29.399191+00
80	doctor	0054_alter_patientlocation_patient	2025-08-25 17:54:29.454564+00
81	doctor	0055_alter_patientlocation_unique_together_and_more	2025-08-25 17:54:29.498107+00
82	doctor	0056_alter_patientlocation_patient	2025-08-25 17:54:29.548512+00
83	doctor	0057_alter_patientlocation_latitude_and_more	2025-08-25 17:54:29.593583+00
84	doctor	0058_subscriptionplan_doctorsubscription	2025-08-25 17:54:29.691402+00
85	doctor	0059_alter_subscriptionplan_name	2025-08-25 17:54:29.696802+00
86	doctor	0060_doctorsubscription_paid_at_and_more	2025-08-25 17:54:29.772167+00
87	doctor	0061_doctorsubscription_cancelled_at_and_more	2025-08-25 17:54:29.868319+00
88	doctor	0062_remove_doctorsubscription_payment_id	2025-08-25 17:54:29.893695+00
89	doctor	0063_subscriptionupgrade	2025-08-25 17:54:30.059743+00
90	doctor	0064_user_is_online_user_last_seen	2025-08-25 17:54:30.092532+00
91	doctor	0065_payment_razorpay_order_id_and_more	2025-08-25 17:54:30.14137+00
92	doctor	0066_appointment_duration	2025-08-25 17:54:30.160591+00
93	doctor	0067_doctorearning	2025-08-25 17:54:30.225617+00
94	doctor	0068_doctorreview	2025-08-25 17:54:30.344427+00
95	doctor	0069_doctorwallet	2025-08-25 17:54:30.592282+00
96	doctor	0070_patientwallet	2025-08-25 17:54:30.667373+00
97	doctor	0071_patienttransaction_delete_patientwallet	2025-08-25 17:54:30.742656+00
98	doctor	0072_patientwallet	2025-08-25 17:54:30.798082+00
99	doctor	0073_alter_service_service_name_and_more	2025-08-25 17:54:30.82662+00
100	doctor	0074_service_slot_duration	2025-08-25 17:54:30.850557+00
101	doctor	0075_subscriptionplan_allowed_service_types	2025-08-25 17:54:30.870636+00
102	doctor	0076_remove_subscriptionplan_allowed_service_types	2025-08-25 17:54:30.882491+00
103	doctor	0077_subscriptionplan_allowed_service_types	2025-08-25 17:54:30.896496+00
104	doctor	0078_alter_schedules_doctor	2025-08-25 17:54:30.93782+00
105	doctor	0079_alter_schedules_service	2025-08-25 17:54:30.974599+00
106	doctor	0080_alter_service_service_name	2025-08-25 17:54:31.000684+00
107	doctor	0081_alter_payment_method	2025-08-25 17:54:31.022546+00
108	doctor	0082_payment_failure_reason	2025-08-25 17:54:31.051241+00
109	doctor	0083_patientwallet_created_at_patientwallet_updated_at	2025-08-25 17:54:31.086327+00
110	doctor	0084_appointment_is_slot_booked_and_more	2025-08-25 17:54:31.178603+00
111	doctor	0085_alter_appointment_unique_together	2025-08-25 17:54:31.23227+00
112	doctor	0086_alter_appointment_unique_together	2025-08-25 17:54:31.278577+00
113	doctor	0087_auto_20250824_1127	2025-08-25 17:54:31.282412+00
114	sessions	0001_initial	2025-08-25 17:54:31.314673+00
115	token_blacklist	0001_initial	2025-08-25 17:54:31.45404+00
116	token_blacklist	0002_outstandingtoken_jti_hex	2025-08-25 17:54:31.60932+00
117	token_blacklist	0003_auto_20171017_2007	2025-08-25 17:54:31.655702+00
118	token_blacklist	0004_auto_20171017_2013	2025-08-25 17:54:31.707458+00
119	token_blacklist	0005_remove_outstandingtoken_jti	2025-08-25 17:54:31.73554+00
120	token_blacklist	0006_auto_20171017_2113	2025-08-25 17:54:31.761916+00
121	token_blacklist	0007_auto_20171017_2214	2025-08-25 17:54:31.841246+00
122	token_blacklist	0008_migrate_to_bigautofield	2025-08-25 17:54:31.966439+00
123	token_blacklist	0010_fix_migrate_to_bigautofield	2025-08-25 17:54:32.022829+00
124	token_blacklist	0011_linearizes_history	2025-08-25 17:54:32.026917+00
125	token_blacklist	0012_alter_outstandingtoken_user	2025-08-25 17:54:32.077417+00
126	videocall	0001_initial	2025-08-25 17:54:32.224572+00
127	videocall	0002_callrecord_appointment_id	2025-08-25 17:54:32.249441+00
\.


--
-- Data for Name: django_session; Type: TABLE DATA; Schema: public; Owner: postgres
--

COPY public.django_session (session_key, session_data, expire_date) FROM stdin;
\.


--
-- Data for Name: doctor_address; Type: TABLE DATA; Schema: public; Owner: postgres
--

COPY public.doctor_address (id, address_line_1, street, city, state, postal_code, country, address_type, label, is_delete, is_primary, created_at, updated_at, user_id) FROM stdin;
\.


--
-- Data for Name: doctor_appointment; Type: TABLE DATA; Schema: public; Owner: postgres
--

COPY public.doctor_appointment (id, appointment_date, slot_time, mode, status, total_fee, is_paid, notes, created_at, updated_at, doctor_id, patient_id, schedule_id, service_id, address_id, medical_record_id, distance_km, doctor_location_id, patient_address, patient_latitude, patient_longitude, duration, is_slot_booked) FROM stdin;
\.


--
-- Data for Name: doctor_doctor; Type: TABLE DATA; Schema: public; Owner: postgres
--

COPY public.doctor_doctor (id, specialization, experience, user_id, gender, bio, date_of_birth, is_certification_done, is_education_done, is_license_done, is_profile_setup_done, profile_picture, created_at, updated_at, verification_status, clinic_name, consultation_mode_offline, consultation_mode_online, location, consultation_fee, is_available, license_number, admin_comment) FROM stdin;
\.


--
-- Data for Name: doctor_doctorcertification; Type: TABLE DATA; Schema: public; Owner: postgres
--

COPY public.doctor_doctorcertification (id, certification_name, issued_by, year_of_issue, certificate_image, created_at, doctor_id, certification_certificate_id) FROM stdin;
\.


--
-- Data for Name: doctor_doctorearning; Type: TABLE DATA; Schema: public; Owner: postgres
--

COPY public.doctor_doctorearning (id, amount, type, remarks, created_at, appointment_id, doctor_id) FROM stdin;
\.


--
-- Data for Name: doctor_doctoreducation; Type: TABLE DATA; Schema: public; Owner: postgres
--

COPY public.doctor_doctoreducation (id, degree_name, institution_name, year_of_completion, created_at, doctor_id, degree_certificate_id) FROM stdin;
\.


--
-- Data for Name: doctor_doctorlocation; Type: TABLE DATA; Schema: public; Owner: postgres
--

COPY public.doctor_doctorlocation (id, name, latitude, longitude, is_active, created_at, doctor_id, loc_name, is_current, updated_at) FROM stdin;
\.


--
-- Data for Name: doctor_doctorproof; Type: TABLE DATA; Schema: public; Owner: postgres
--

COPY public.doctor_doctorproof (id, medical_license_number, license_doc_id, license_proof_image, created_at, doctor_id, id_proof) FROM stdin;
\.


--
-- Data for Name: doctor_doctorreview; Type: TABLE DATA; Schema: public; Owner: postgres
--

COPY public.doctor_doctorreview (id, rating, description, status, reviewed_at, admin_notes, created_at, updated_at, appointment_id, doctor_id, patient_id, reviewed_by_id) FROM stdin;
\.


--
-- Data for Name: doctor_doctorsubscription; Type: TABLE DATA; Schema: public; Owner: postgres
--

COPY public.doctor_doctorsubscription (id, start_date, end_date, status, amount_paid, created_at, updated_at, doctor_id, plan_id, paid_at, payment_status, razorpay_order_id, razorpay_signature, cancelled_at, is_direct_upgrade, previous_plan_id, razorpay_payment_id) FROM stdin;
\.


--
-- Data for Name: doctor_doctorwallet; Type: TABLE DATA; Schema: public; Owner: postgres
--

COPY public.doctor_doctorwallet (id, balance, doctor_id) FROM stdin;
\.


--
-- Data for Name: doctor_emailotp; Type: TABLE DATA; Schema: public; Owner: postgres
--

COPY public.doctor_emailotp (id, otp, created_at, user_id) FROM stdin;
\.


--
-- Data for Name: doctor_medical_record; Type: TABLE DATA; Schema: public; Owner: postgres
--

COPY public.doctor_medical_record (id, chronic_diseases, allergies, medications, surgeries, lifestyle, vaccination_history, created_at, updated_at, patient_id) FROM stdin;
\.


--
-- Data for Name: doctor_patient; Type: TABLE DATA; Schema: public; Owner: postgres
--

COPY public.doctor_patient (id, blood_group, age, user_id, profile_picture, gender, created_at, updated_at) FROM stdin;
\.


--
-- Data for Name: doctor_patientlocation; Type: TABLE DATA; Schema: public; Owner: postgres
--

COPY public.doctor_patientlocation (id, latitude, longitude, updated_at, created_at, patient_id) FROM stdin;
\.


--
-- Data for Name: doctor_patienttransaction; Type: TABLE DATA; Schema: public; Owner: postgres
--

COPY public.doctor_patienttransaction (id, amount, type, remarks, created_at, updated_at, appointment_id, patient_id) FROM stdin;
\.


--
-- Data for Name: doctor_patientwallet; Type: TABLE DATA; Schema: public; Owner: postgres
--

COPY public.doctor_patientwallet (id, balance, patient_id, created_at, updated_at) FROM stdin;
\.


--
-- Data for Name: doctor_payment; Type: TABLE DATA; Schema: public; Owner: postgres
--

COPY public.doctor_payment (id, amount, method, status, remarks, paid_at, created_at, appointment_id, razorpay_order_id, razorpay_payment_id, razorpay_signature, failure_reason) FROM stdin;
\.


--
-- Data for Name: doctor_schedules; Type: TABLE DATA; Schema: public; Owner: postgres
--

COPY public.doctor_schedules (id, mode, date, start_time, end_time, slot_duration, total_slots, booked_slots, max_patients_per_slot, is_active, created_at, updated_at, doctor_id, service_id, break_end_time, break_start_time) FROM stdin;
\.


--
-- Data for Name: doctor_service; Type: TABLE DATA; Schema: public; Owner: postgres
--

COPY public.doctor_service (id, service_name, service_mode, service_fee, description, is_active, created_at, updated_at, doctor_id, slot_duration) FROM stdin;
\.


--
-- Data for Name: doctor_subscriptionplan; Type: TABLE DATA; Schema: public; Owner: postgres
--

COPY public.doctor_subscriptionplan (id, name, price, duration_days, max_services, max_schedules_per_day, max_schedules_per_month, can_create_online_service, can_create_offline_service, is_active, created_at, allowed_service_types) FROM stdin;
\.


--
-- Data for Name: doctor_subscriptionupgrade; Type: TABLE DATA; Schema: public; Owner: postgres
--

COPY public.doctor_subscriptionupgrade (id, upgrade_price, remaining_days, razorpay_order_id, status, created_at, completed_at, new_plan_id, old_plan_id, subscription_id) FROM stdin;
\.


--
-- Data for Name: doctor_user; Type: TABLE DATA; Schema: public; Owner: postgres
--

COPY public.doctor_user (password, last_login, is_superuser, id, email, role, reference_id, is_active, is_staff, first_name, last_name, username, is_blocked, phone_number, is_online, last_seen) FROM stdin;
\.


--
-- Data for Name: doctor_user_groups; Type: TABLE DATA; Schema: public; Owner: postgres
--

COPY public.doctor_user_groups (id, user_id, group_id) FROM stdin;
\.


--
-- Data for Name: doctor_user_user_permissions; Type: TABLE DATA; Schema: public; Owner: postgres
--

COPY public.doctor_user_user_permissions (id, user_id, permission_id) FROM stdin;
\.


--
-- Data for Name: token_blacklist_blacklistedtoken; Type: TABLE DATA; Schema: public; Owner: postgres
--

COPY public.token_blacklist_blacklistedtoken (id, blacklisted_at, token_id) FROM stdin;
\.


--
-- Data for Name: token_blacklist_outstandingtoken; Type: TABLE DATA; Schema: public; Owner: postgres
--

COPY public.token_blacklist_outstandingtoken (id, token, created_at, expires_at, user_id, jti) FROM stdin;
\.


--
-- Data for Name: videocall_activecall; Type: TABLE DATA; Schema: public; Owner: postgres
--

COPY public.videocall_activecall (id, caller_channel, callee_channel, room_name, created_at, call_record_id) FROM stdin;
\.


--
-- Data for Name: videocall_callrecord; Type: TABLE DATA; Schema: public; Owner: postgres
--

COPY public.videocall_callrecord (id, status, started_at, ended_at, duration, callee_id, caller_id, appointment_id) FROM stdin;
\.


--
-- Name: auth_group_id_seq; Type: SEQUENCE SET; Schema: public; Owner: postgres
--

SELECT pg_catalog.setval('public.auth_group_id_seq', 1, false);


--
-- Name: auth_group_permissions_id_seq; Type: SEQUENCE SET; Schema: public; Owner: postgres
--

SELECT pg_catalog.setval('public.auth_group_permissions_id_seq', 1, false);


--
-- Name: auth_permission_id_seq; Type: SEQUENCE SET; Schema: public; Owner: postgres
--

SELECT pg_catalog.setval('public.auth_permission_id_seq', 140, true);


--
-- Name: chat_conversation_participants_id_seq; Type: SEQUENCE SET; Schema: public; Owner: postgres
--

SELECT pg_catalog.setval('public.chat_conversation_participants_id_seq', 1, false);


--
-- Name: django_admin_log_id_seq; Type: SEQUENCE SET; Schema: public; Owner: postgres
--

SELECT pg_catalog.setval('public.django_admin_log_id_seq', 1, false);


--
-- Name: django_content_type_id_seq; Type: SEQUENCE SET; Schema: public; Owner: postgres
--

SELECT pg_catalog.setval('public.django_content_type_id_seq', 35, true);


--
-- Name: django_migrations_id_seq; Type: SEQUENCE SET; Schema: public; Owner: postgres
--

SELECT pg_catalog.setval('public.django_migrations_id_seq', 127, true);


--
-- Name: doctor_appointment_id_seq; Type: SEQUENCE SET; Schema: public; Owner: postgres
--

SELECT pg_catalog.setval('public.doctor_appointment_id_seq', 1, false);


--
-- Name: doctor_doctorlocation_id_seq; Type: SEQUENCE SET; Schema: public; Owner: postgres
--

SELECT pg_catalog.setval('public.doctor_doctorlocation_id_seq', 1, false);


--
-- Name: doctor_doctorreview_id_seq; Type: SEQUENCE SET; Schema: public; Owner: postgres
--

SELECT pg_catalog.setval('public.doctor_doctorreview_id_seq', 1, false);


--
-- Name: doctor_doctorsubscription_id_seq; Type: SEQUENCE SET; Schema: public; Owner: postgres
--

SELECT pg_catalog.setval('public.doctor_doctorsubscription_id_seq', 1, false);


--
-- Name: doctor_doctorwallet_id_seq; Type: SEQUENCE SET; Schema: public; Owner: postgres
--

SELECT pg_catalog.setval('public.doctor_doctorwallet_id_seq', 1, false);


--
-- Name: doctor_emailotp_id_seq; Type: SEQUENCE SET; Schema: public; Owner: postgres
--

SELECT pg_catalog.setval('public.doctor_emailotp_id_seq', 1, false);


--
-- Name: doctor_patientlocation_id_seq; Type: SEQUENCE SET; Schema: public; Owner: postgres
--

SELECT pg_catalog.setval('public.doctor_patientlocation_id_seq', 1, false);


--
-- Name: doctor_patienttransaction_id_seq; Type: SEQUENCE SET; Schema: public; Owner: postgres
--

SELECT pg_catalog.setval('public.doctor_patienttransaction_id_seq', 1, false);


--
-- Name: doctor_patientwallet_id_seq; Type: SEQUENCE SET; Schema: public; Owner: postgres
--

SELECT pg_catalog.setval('public.doctor_patientwallet_id_seq', 1, false);


--
-- Name: doctor_schedules_id_seq; Type: SEQUENCE SET; Schema: public; Owner: postgres
--

SELECT pg_catalog.setval('public.doctor_schedules_id_seq', 1, false);


--
-- Name: doctor_service_id_seq; Type: SEQUENCE SET; Schema: public; Owner: postgres
--

SELECT pg_catalog.setval('public.doctor_service_id_seq', 1, false);


--
-- Name: doctor_subscriptionplan_id_seq; Type: SEQUENCE SET; Schema: public; Owner: postgres
--

SELECT pg_catalog.setval('public.doctor_subscriptionplan_id_seq', 1, false);


--
-- Name: doctor_subscriptionupgrade_id_seq; Type: SEQUENCE SET; Schema: public; Owner: postgres
--

SELECT pg_catalog.setval('public.doctor_subscriptionupgrade_id_seq', 1, false);


--
-- Name: doctor_user_groups_id_seq; Type: SEQUENCE SET; Schema: public; Owner: postgres
--

SELECT pg_catalog.setval('public.doctor_user_groups_id_seq', 1, false);


--
-- Name: doctor_user_user_permissions_id_seq; Type: SEQUENCE SET; Schema: public; Owner: postgres
--

SELECT pg_catalog.setval('public.doctor_user_user_permissions_id_seq', 1, false);


--
-- Name: token_blacklist_blacklistedtoken_id_seq; Type: SEQUENCE SET; Schema: public; Owner: postgres
--

SELECT pg_catalog.setval('public.token_blacklist_blacklistedtoken_id_seq', 1, false);


--
-- Name: token_blacklist_outstandingtoken_id_seq; Type: SEQUENCE SET; Schema: public; Owner: postgres
--

SELECT pg_catalog.setval('public.token_blacklist_outstandingtoken_id_seq', 1, false);


--
-- Name: videocall_activecall_id_seq; Type: SEQUENCE SET; Schema: public; Owner: postgres
--

SELECT pg_catalog.setval('public.videocall_activecall_id_seq', 1, false);


--
-- Name: videocall_callrecord_id_seq; Type: SEQUENCE SET; Schema: public; Owner: postgres
--

SELECT pg_catalog.setval('public.videocall_callrecord_id_seq', 1, false);


--
-- Name: auth_group auth_group_name_key; Type: CONSTRAINT; Schema: public; Owner: postgres
--

ALTER TABLE ONLY public.auth_group
    ADD CONSTRAINT auth_group_name_key UNIQUE (name);


--
-- Name: auth_group_permissions auth_group_permissions_group_id_permission_id_0cd325b0_uniq; Type: CONSTRAINT; Schema: public; Owner: postgres
--

ALTER TABLE ONLY public.auth_group_permissions
    ADD CONSTRAINT auth_group_permissions_group_id_permission_id_0cd325b0_uniq UNIQUE (group_id, permission_id);


--
-- Name: auth_group_permissions auth_group_permissions_pkey; Type: CONSTRAINT; Schema: public; Owner: postgres
--

ALTER TABLE ONLY public.auth_group_permissions
    ADD CONSTRAINT auth_group_permissions_pkey PRIMARY KEY (id);


--
-- Name: auth_group auth_group_pkey; Type: CONSTRAINT; Schema: public; Owner: postgres
--

ALTER TABLE ONLY public.auth_group
    ADD CONSTRAINT auth_group_pkey PRIMARY KEY (id);


--
-- Name: auth_permission auth_permission_content_type_id_codename_01ab375a_uniq; Type: CONSTRAINT; Schema: public; Owner: postgres
--

ALTER TABLE ONLY public.auth_permission
    ADD CONSTRAINT auth_permission_content_type_id_codename_01ab375a_uniq UNIQUE (content_type_id, codename);


--
-- Name: auth_permission auth_permission_pkey; Type: CONSTRAINT; Schema: public; Owner: postgres
--

ALTER TABLE ONLY public.auth_permission
    ADD CONSTRAINT auth_permission_pkey PRIMARY KEY (id);


--
-- Name: chat_conversation_participants chat_conversation_partic_conversation_id_user_id_d4d01dfe_uniq; Type: CONSTRAINT; Schema: public; Owner: postgres
--

ALTER TABLE ONLY public.chat_conversation_participants
    ADD CONSTRAINT chat_conversation_partic_conversation_id_user_id_d4d01dfe_uniq UNIQUE (conversation_id, user_id);


--
-- Name: chat_conversation_participants chat_conversation_participants_pkey; Type: CONSTRAINT; Schema: public; Owner: postgres
--

ALTER TABLE ONLY public.chat_conversation_participants
    ADD CONSTRAINT chat_conversation_participants_pkey PRIMARY KEY (id);


--
-- Name: chat_conversation chat_conversation_pkey; Type: CONSTRAINT; Schema: public; Owner: postgres
--

ALTER TABLE ONLY public.chat_conversation
    ADD CONSTRAINT chat_conversation_pkey PRIMARY KEY (id);


--
-- Name: chat_message chat_message_pkey; Type: CONSTRAINT; Schema: public; Owner: postgres
--

ALTER TABLE ONLY public.chat_message
    ADD CONSTRAINT chat_message_pkey PRIMARY KEY (id);


--
-- Name: chat_notification chat_notification_pkey; Type: CONSTRAINT; Schema: public; Owner: postgres
--

ALTER TABLE ONLY public.chat_notification
    ADD CONSTRAINT chat_notification_pkey PRIMARY KEY (id);


--
-- Name: django_admin_log django_admin_log_pkey; Type: CONSTRAINT; Schema: public; Owner: postgres
--

ALTER TABLE ONLY public.django_admin_log
    ADD CONSTRAINT django_admin_log_pkey PRIMARY KEY (id);


--
-- Name: django_content_type django_content_type_app_label_model_76bd3d3b_uniq; Type: CONSTRAINT; Schema: public; Owner: postgres
--

ALTER TABLE ONLY public.django_content_type
    ADD CONSTRAINT django_content_type_app_label_model_76bd3d3b_uniq UNIQUE (app_label, model);


--
-- Name: django_content_type django_content_type_pkey; Type: CONSTRAINT; Schema: public; Owner: postgres
--

ALTER TABLE ONLY public.django_content_type
    ADD CONSTRAINT django_content_type_pkey PRIMARY KEY (id);


--
-- Name: django_migrations django_migrations_pkey; Type: CONSTRAINT; Schema: public; Owner: postgres
--

ALTER TABLE ONLY public.django_migrations
    ADD CONSTRAINT django_migrations_pkey PRIMARY KEY (id);


--
-- Name: django_session django_session_pkey; Type: CONSTRAINT; Schema: public; Owner: postgres
--

ALTER TABLE ONLY public.django_session
    ADD CONSTRAINT django_session_pkey PRIMARY KEY (session_key);


--
-- Name: doctor_address doctor_address_pkey; Type: CONSTRAINT; Schema: public; Owner: postgres
--

ALTER TABLE ONLY public.doctor_address
    ADD CONSTRAINT doctor_address_pkey PRIMARY KEY (id);


--
-- Name: doctor_appointment doctor_appointment_doctor_id_appointment_da_a17bc5af_uniq; Type: CONSTRAINT; Schema: public; Owner: postgres
--

ALTER TABLE ONLY public.doctor_appointment
    ADD CONSTRAINT doctor_appointment_doctor_id_appointment_da_a17bc5af_uniq UNIQUE (doctor_id, appointment_date, slot_time, status);


--
-- Name: doctor_appointment doctor_appointment_pkey; Type: CONSTRAINT; Schema: public; Owner: postgres
--

ALTER TABLE ONLY public.doctor_appointment
    ADD CONSTRAINT doctor_appointment_pkey PRIMARY KEY (id);


--
-- Name: doctor_doctor doctor_doctor_pkey; Type: CONSTRAINT; Schema: public; Owner: postgres
--

ALTER TABLE ONLY public.doctor_doctor
    ADD CONSTRAINT doctor_doctor_pkey PRIMARY KEY (id);


--
-- Name: doctor_doctor doctor_doctor_user_id_key; Type: CONSTRAINT; Schema: public; Owner: postgres
--

ALTER TABLE ONLY public.doctor_doctor
    ADD CONSTRAINT doctor_doctor_user_id_key UNIQUE (user_id);


--
-- Name: doctor_doctorcertification doctor_doctorcertification_pkey; Type: CONSTRAINT; Schema: public; Owner: postgres
--

ALTER TABLE ONLY public.doctor_doctorcertification
    ADD CONSTRAINT doctor_doctorcertification_pkey PRIMARY KEY (id);


--
-- Name: doctor_doctorearning doctor_doctorearning_pkey; Type: CONSTRAINT; Schema: public; Owner: postgres
--

ALTER TABLE ONLY public.doctor_doctorearning
    ADD CONSTRAINT doctor_doctorearning_pkey PRIMARY KEY (id);


--
-- Name: doctor_doctoreducation doctor_doctoreducation_pkey; Type: CONSTRAINT; Schema: public; Owner: postgres
--

ALTER TABLE ONLY public.doctor_doctoreducation
    ADD CONSTRAINT doctor_doctoreducation_pkey PRIMARY KEY (id);


--
-- Name: doctor_doctorlocation doctor_doctorlocation_pkey; Type: CONSTRAINT; Schema: public; Owner: postgres
--

ALTER TABLE ONLY public.doctor_doctorlocation
    ADD CONSTRAINT doctor_doctorlocation_pkey PRIMARY KEY (id);


--
-- Name: doctor_doctorproof doctor_doctorproof_doctor_id_key; Type: CONSTRAINT; Schema: public; Owner: postgres
--

ALTER TABLE ONLY public.doctor_doctorproof
    ADD CONSTRAINT doctor_doctorproof_doctor_id_key UNIQUE (doctor_id);


--
-- Name: doctor_doctorproof doctor_doctorproof_pkey; Type: CONSTRAINT; Schema: public; Owner: postgres
--

ALTER TABLE ONLY public.doctor_doctorproof
    ADD CONSTRAINT doctor_doctorproof_pkey PRIMARY KEY (id);


--
-- Name: doctor_doctorreview doctor_doctorreview_patient_id_doctor_id_app_a63f2184_uniq; Type: CONSTRAINT; Schema: public; Owner: postgres
--

ALTER TABLE ONLY public.doctor_doctorreview
    ADD CONSTRAINT doctor_doctorreview_patient_id_doctor_id_app_a63f2184_uniq UNIQUE (patient_id, doctor_id, appointment_id);


--
-- Name: doctor_doctorreview doctor_doctorreview_pkey; Type: CONSTRAINT; Schema: public; Owner: postgres
--

ALTER TABLE ONLY public.doctor_doctorreview
    ADD CONSTRAINT doctor_doctorreview_pkey PRIMARY KEY (id);


--
-- Name: doctor_doctorsubscription doctor_doctorsubscription_doctor_id_key; Type: CONSTRAINT; Schema: public; Owner: postgres
--

ALTER TABLE ONLY public.doctor_doctorsubscription
    ADD CONSTRAINT doctor_doctorsubscription_doctor_id_key UNIQUE (doctor_id);


--
-- Name: doctor_doctorsubscription doctor_doctorsubscription_pkey; Type: CONSTRAINT; Schema: public; Owner: postgres
--

ALTER TABLE ONLY public.doctor_doctorsubscription
    ADD CONSTRAINT doctor_doctorsubscription_pkey PRIMARY KEY (id);


--
-- Name: doctor_doctorwallet doctor_doctorwallet_doctor_id_key; Type: CONSTRAINT; Schema: public; Owner: postgres
--

ALTER TABLE ONLY public.doctor_doctorwallet
    ADD CONSTRAINT doctor_doctorwallet_doctor_id_key UNIQUE (doctor_id);


--
-- Name: doctor_doctorwallet doctor_doctorwallet_pkey; Type: CONSTRAINT; Schema: public; Owner: postgres
--

ALTER TABLE ONLY public.doctor_doctorwallet
    ADD CONSTRAINT doctor_doctorwallet_pkey PRIMARY KEY (id);


--
-- Name: doctor_emailotp doctor_emailotp_pkey; Type: CONSTRAINT; Schema: public; Owner: postgres
--

ALTER TABLE ONLY public.doctor_emailotp
    ADD CONSTRAINT doctor_emailotp_pkey PRIMARY KEY (id);


--
-- Name: doctor_emailotp doctor_emailotp_user_id_key; Type: CONSTRAINT; Schema: public; Owner: postgres
--

ALTER TABLE ONLY public.doctor_emailotp
    ADD CONSTRAINT doctor_emailotp_user_id_key UNIQUE (user_id);


--
-- Name: doctor_medical_record doctor_medical_record_patient_id_key; Type: CONSTRAINT; Schema: public; Owner: postgres
--

ALTER TABLE ONLY public.doctor_medical_record
    ADD CONSTRAINT doctor_medical_record_patient_id_key UNIQUE (patient_id);


--
-- Name: doctor_medical_record doctor_medical_record_pkey; Type: CONSTRAINT; Schema: public; Owner: postgres
--

ALTER TABLE ONLY public.doctor_medical_record
    ADD CONSTRAINT doctor_medical_record_pkey PRIMARY KEY (id);


--
-- Name: doctor_patient doctor_patient_pkey; Type: CONSTRAINT; Schema: public; Owner: postgres
--

ALTER TABLE ONLY public.doctor_patient
    ADD CONSTRAINT doctor_patient_pkey PRIMARY KEY (id);


--
-- Name: doctor_patient doctor_patient_user_id_key; Type: CONSTRAINT; Schema: public; Owner: postgres
--

ALTER TABLE ONLY public.doctor_patient
    ADD CONSTRAINT doctor_patient_user_id_key UNIQUE (user_id);


--
-- Name: doctor_patientlocation doctor_patientlocation_patient_id_efe99d8d_uniq; Type: CONSTRAINT; Schema: public; Owner: postgres
--

ALTER TABLE ONLY public.doctor_patientlocation
    ADD CONSTRAINT doctor_patientlocation_patient_id_efe99d8d_uniq UNIQUE (patient_id);


--
-- Name: doctor_patientlocation doctor_patientlocation_pkey; Type: CONSTRAINT; Schema: public; Owner: postgres
--

ALTER TABLE ONLY public.doctor_patientlocation
    ADD CONSTRAINT doctor_patientlocation_pkey PRIMARY KEY (id);


--
-- Name: doctor_patienttransaction doctor_patienttransaction_pkey; Type: CONSTRAINT; Schema: public; Owner: postgres
--

ALTER TABLE ONLY public.doctor_patienttransaction
    ADD CONSTRAINT doctor_patienttransaction_pkey PRIMARY KEY (id);


--
-- Name: doctor_patientwallet doctor_patientwallet_patient_id_key; Type: CONSTRAINT; Schema: public; Owner: postgres
--

ALTER TABLE ONLY public.doctor_patientwallet
    ADD CONSTRAINT doctor_patientwallet_patient_id_key UNIQUE (patient_id);


--
-- Name: doctor_patientwallet doctor_patientwallet_pkey; Type: CONSTRAINT; Schema: public; Owner: postgres
--

ALTER TABLE ONLY public.doctor_patientwallet
    ADD CONSTRAINT doctor_patientwallet_pkey PRIMARY KEY (id);


--
-- Name: doctor_payment doctor_payment_appointment_id_key; Type: CONSTRAINT; Schema: public; Owner: postgres
--

ALTER TABLE ONLY public.doctor_payment
    ADD CONSTRAINT doctor_payment_appointment_id_key UNIQUE (appointment_id);


--
-- Name: doctor_payment doctor_payment_pkey; Type: CONSTRAINT; Schema: public; Owner: postgres
--

ALTER TABLE ONLY public.doctor_payment
    ADD CONSTRAINT doctor_payment_pkey PRIMARY KEY (id);


--
-- Name: doctor_schedules doctor_schedules_pkey; Type: CONSTRAINT; Schema: public; Owner: postgres
--

ALTER TABLE ONLY public.doctor_schedules
    ADD CONSTRAINT doctor_schedules_pkey PRIMARY KEY (id);


--
-- Name: doctor_service doctor_service_pkey; Type: CONSTRAINT; Schema: public; Owner: postgres
--

ALTER TABLE ONLY public.doctor_service
    ADD CONSTRAINT doctor_service_pkey PRIMARY KEY (id);


--
-- Name: doctor_subscriptionplan doctor_subscriptionplan_name_key; Type: CONSTRAINT; Schema: public; Owner: postgres
--

ALTER TABLE ONLY public.doctor_subscriptionplan
    ADD CONSTRAINT doctor_subscriptionplan_name_key UNIQUE (name);


--
-- Name: doctor_subscriptionplan doctor_subscriptionplan_pkey; Type: CONSTRAINT; Schema: public; Owner: postgres
--

ALTER TABLE ONLY public.doctor_subscriptionplan
    ADD CONSTRAINT doctor_subscriptionplan_pkey PRIMARY KEY (id);


--
-- Name: doctor_subscriptionupgrade doctor_subscriptionupgrade_pkey; Type: CONSTRAINT; Schema: public; Owner: postgres
--

ALTER TABLE ONLY public.doctor_subscriptionupgrade
    ADD CONSTRAINT doctor_subscriptionupgrade_pkey PRIMARY KEY (id);


--
-- Name: doctor_user doctor_user_email_key; Type: CONSTRAINT; Schema: public; Owner: postgres
--

ALTER TABLE ONLY public.doctor_user
    ADD CONSTRAINT doctor_user_email_key UNIQUE (email);


--
-- Name: doctor_user_groups doctor_user_groups_pkey; Type: CONSTRAINT; Schema: public; Owner: postgres
--

ALTER TABLE ONLY public.doctor_user_groups
    ADD CONSTRAINT doctor_user_groups_pkey PRIMARY KEY (id);


--
-- Name: doctor_user_groups doctor_user_groups_user_id_group_id_7e0d5805_uniq; Type: CONSTRAINT; Schema: public; Owner: postgres
--

ALTER TABLE ONLY public.doctor_user_groups
    ADD CONSTRAINT doctor_user_groups_user_id_group_id_7e0d5805_uniq UNIQUE (user_id, group_id);


--
-- Name: doctor_user doctor_user_pkey; Type: CONSTRAINT; Schema: public; Owner: postgres
--

ALTER TABLE ONLY public.doctor_user
    ADD CONSTRAINT doctor_user_pkey PRIMARY KEY (id);


--
-- Name: doctor_user_user_permissions doctor_user_user_permiss_user_id_permission_id_525805b2_uniq; Type: CONSTRAINT; Schema: public; Owner: postgres
--

ALTER TABLE ONLY public.doctor_user_user_permissions
    ADD CONSTRAINT doctor_user_user_permiss_user_id_permission_id_525805b2_uniq UNIQUE (user_id, permission_id);


--
-- Name: doctor_user_user_permissions doctor_user_user_permissions_pkey; Type: CONSTRAINT; Schema: public; Owner: postgres
--

ALTER TABLE ONLY public.doctor_user_user_permissions
    ADD CONSTRAINT doctor_user_user_permissions_pkey PRIMARY KEY (id);


--
-- Name: doctor_user doctor_user_username_key; Type: CONSTRAINT; Schema: public; Owner: postgres
--

ALTER TABLE ONLY public.doctor_user
    ADD CONSTRAINT doctor_user_username_key UNIQUE (username);


--
-- Name: token_blacklist_blacklistedtoken token_blacklist_blacklistedtoken_pkey; Type: CONSTRAINT; Schema: public; Owner: postgres
--

ALTER TABLE ONLY public.token_blacklist_blacklistedtoken
    ADD CONSTRAINT token_blacklist_blacklistedtoken_pkey PRIMARY KEY (id);


--
-- Name: token_blacklist_blacklistedtoken token_blacklist_blacklistedtoken_token_id_key; Type: CONSTRAINT; Schema: public; Owner: postgres
--

ALTER TABLE ONLY public.token_blacklist_blacklistedtoken
    ADD CONSTRAINT token_blacklist_blacklistedtoken_token_id_key UNIQUE (token_id);


--
-- Name: token_blacklist_outstandingtoken token_blacklist_outstandingtoken_jti_hex_d9bdf6f7_uniq; Type: CONSTRAINT; Schema: public; Owner: postgres
--

ALTER TABLE ONLY public.token_blacklist_outstandingtoken
    ADD CONSTRAINT token_blacklist_outstandingtoken_jti_hex_d9bdf6f7_uniq UNIQUE (jti);


--
-- Name: token_blacklist_outstandingtoken token_blacklist_outstandingtoken_pkey; Type: CONSTRAINT; Schema: public; Owner: postgres
--

ALTER TABLE ONLY public.token_blacklist_outstandingtoken
    ADD CONSTRAINT token_blacklist_outstandingtoken_pkey PRIMARY KEY (id);


--
-- Name: videocall_activecall videocall_activecall_call_record_id_key; Type: CONSTRAINT; Schema: public; Owner: postgres
--

ALTER TABLE ONLY public.videocall_activecall
    ADD CONSTRAINT videocall_activecall_call_record_id_key UNIQUE (call_record_id);


--
-- Name: videocall_activecall videocall_activecall_pkey; Type: CONSTRAINT; Schema: public; Owner: postgres
--

ALTER TABLE ONLY public.videocall_activecall
    ADD CONSTRAINT videocall_activecall_pkey PRIMARY KEY (id);


--
-- Name: videocall_activecall videocall_activecall_room_name_key; Type: CONSTRAINT; Schema: public; Owner: postgres
--

ALTER TABLE ONLY public.videocall_activecall
    ADD CONSTRAINT videocall_activecall_room_name_key UNIQUE (room_name);


--
-- Name: videocall_callrecord videocall_callrecord_pkey; Type: CONSTRAINT; Schema: public; Owner: postgres
--

ALTER TABLE ONLY public.videocall_callrecord
    ADD CONSTRAINT videocall_callrecord_pkey PRIMARY KEY (id);


--
-- Name: auth_group_name_a6ea08ec_like; Type: INDEX; Schema: public; Owner: postgres
--

CREATE INDEX auth_group_name_a6ea08ec_like ON public.auth_group USING btree (name varchar_pattern_ops);


--
-- Name: auth_group_permissions_group_id_b120cbf9; Type: INDEX; Schema: public; Owner: postgres
--

CREATE INDEX auth_group_permissions_group_id_b120cbf9 ON public.auth_group_permissions USING btree (group_id);


--
-- Name: auth_group_permissions_permission_id_84c5c92e; Type: INDEX; Schema: public; Owner: postgres
--

CREATE INDEX auth_group_permissions_permission_id_84c5c92e ON public.auth_group_permissions USING btree (permission_id);


--
-- Name: auth_permission_content_type_id_2f476e4b; Type: INDEX; Schema: public; Owner: postgres
--

CREATE INDEX auth_permission_content_type_id_2f476e4b ON public.auth_permission USING btree (content_type_id);


--
-- Name: chat_conversation_participants_conversation_id_f3ae152d; Type: INDEX; Schema: public; Owner: postgres
--

CREATE INDEX chat_conversation_participants_conversation_id_f3ae152d ON public.chat_conversation_participants USING btree (conversation_id);


--
-- Name: chat_conversation_participants_user_id_01493ead; Type: INDEX; Schema: public; Owner: postgres
--

CREATE INDEX chat_conversation_participants_user_id_01493ead ON public.chat_conversation_participants USING btree (user_id);


--
-- Name: chat_message_conversation_id_a1207bf4; Type: INDEX; Schema: public; Owner: postgres
--

CREATE INDEX chat_message_conversation_id_a1207bf4 ON public.chat_message USING btree (conversation_id);


--
-- Name: chat_message_receiver_id_0eceddde; Type: INDEX; Schema: public; Owner: postgres
--

CREATE INDEX chat_message_receiver_id_0eceddde ON public.chat_message USING btree (receiver_id);


--
-- Name: chat_message_sender_id_991c686c; Type: INDEX; Schema: public; Owner: postgres
--

CREATE INDEX chat_message_sender_id_991c686c ON public.chat_message USING btree (sender_id);


--
-- Name: chat_notification_sender_id_f9d5a6c6; Type: INDEX; Schema: public; Owner: postgres
--

CREATE INDEX chat_notification_sender_id_f9d5a6c6 ON public.chat_notification USING btree (sender_id);


--
-- Name: chat_notification_user_id_e08e2237; Type: INDEX; Schema: public; Owner: postgres
--

CREATE INDEX chat_notification_user_id_e08e2237 ON public.chat_notification USING btree (user_id);


--
-- Name: django_admin_log_content_type_id_c4bce8eb; Type: INDEX; Schema: public; Owner: postgres
--

CREATE INDEX django_admin_log_content_type_id_c4bce8eb ON public.django_admin_log USING btree (content_type_id);


--
-- Name: django_admin_log_user_id_c564eba6; Type: INDEX; Schema: public; Owner: postgres
--

CREATE INDEX django_admin_log_user_id_c564eba6 ON public.django_admin_log USING btree (user_id);


--
-- Name: django_session_expire_date_a5c62663; Type: INDEX; Schema: public; Owner: postgres
--

CREATE INDEX django_session_expire_date_a5c62663 ON public.django_session USING btree (expire_date);


--
-- Name: django_session_session_key_c0390e0f_like; Type: INDEX; Schema: public; Owner: postgres
--

CREATE INDEX django_session_session_key_c0390e0f_like ON public.django_session USING btree (session_key varchar_pattern_ops);


--
-- Name: doctor_address_user_id_840c1e4a; Type: INDEX; Schema: public; Owner: postgres
--

CREATE INDEX doctor_address_user_id_840c1e4a ON public.doctor_address USING btree (user_id);


--
-- Name: doctor_appointment_address_id_3dffa483; Type: INDEX; Schema: public; Owner: postgres
--

CREATE INDEX doctor_appointment_address_id_3dffa483 ON public.doctor_appointment USING btree (address_id);


--
-- Name: doctor_appointment_doctor_id_8c182dc1; Type: INDEX; Schema: public; Owner: postgres
--

CREATE INDEX doctor_appointment_doctor_id_8c182dc1 ON public.doctor_appointment USING btree (doctor_id);


--
-- Name: doctor_appointment_doctor_location_id_a2c586d4; Type: INDEX; Schema: public; Owner: postgres
--

CREATE INDEX doctor_appointment_doctor_location_id_a2c586d4 ON public.doctor_appointment USING btree (doctor_location_id);


--
-- Name: doctor_appointment_medical_record_id_7ab63069; Type: INDEX; Schema: public; Owner: postgres
--

CREATE INDEX doctor_appointment_medical_record_id_7ab63069 ON public.doctor_appointment USING btree (medical_record_id);


--
-- Name: doctor_appointment_patient_id_bff365b8; Type: INDEX; Schema: public; Owner: postgres
--

CREATE INDEX doctor_appointment_patient_id_bff365b8 ON public.doctor_appointment USING btree (patient_id);


--
-- Name: doctor_appointment_schedule_id_9068b010; Type: INDEX; Schema: public; Owner: postgres
--

CREATE INDEX doctor_appointment_schedule_id_9068b010 ON public.doctor_appointment USING btree (schedule_id);


--
-- Name: doctor_appointment_service_id_1c6d5cab; Type: INDEX; Schema: public; Owner: postgres
--

CREATE INDEX doctor_appointment_service_id_1c6d5cab ON public.doctor_appointment USING btree (service_id);


--
-- Name: doctor_doct_doctor__7a3a75_idx; Type: INDEX; Schema: public; Owner: postgres
--

CREATE INDEX doctor_doct_doctor__7a3a75_idx ON public.doctor_doctorreview USING btree (doctor_id, status);


--
-- Name: doctor_doct_patient_a1ba14_idx; Type: INDEX; Schema: public; Owner: postgres
--

CREATE INDEX doctor_doct_patient_a1ba14_idx ON public.doctor_doctorreview USING btree (patient_id, status);


--
-- Name: doctor_doct_status_9ee602_idx; Type: INDEX; Schema: public; Owner: postgres
--

CREATE INDEX doctor_doct_status_9ee602_idx ON public.doctor_doctorreview USING btree (status, created_at);


--
-- Name: doctor_doctorcertification_doctor_id_9afbd256; Type: INDEX; Schema: public; Owner: postgres
--

CREATE INDEX doctor_doctorcertification_doctor_id_9afbd256 ON public.doctor_doctorcertification USING btree (doctor_id);


--
-- Name: doctor_doctorearning_appointment_id_6f079656; Type: INDEX; Schema: public; Owner: postgres
--

CREATE INDEX doctor_doctorearning_appointment_id_6f079656 ON public.doctor_doctorearning USING btree (appointment_id);


--
-- Name: doctor_doctorearning_doctor_id_88287408; Type: INDEX; Schema: public; Owner: postgres
--

CREATE INDEX doctor_doctorearning_doctor_id_88287408 ON public.doctor_doctorearning USING btree (doctor_id);


--
-- Name: doctor_doctoreducation_doctor_id_adfae610; Type: INDEX; Schema: public; Owner: postgres
--

CREATE INDEX doctor_doctoreducation_doctor_id_adfae610 ON public.doctor_doctoreducation USING btree (doctor_id);


--
-- Name: doctor_doctorlocation_doctor_id_68e23e43; Type: INDEX; Schema: public; Owner: postgres
--

CREATE INDEX doctor_doctorlocation_doctor_id_68e23e43 ON public.doctor_doctorlocation USING btree (doctor_id);


--
-- Name: doctor_doctorreview_appointment_id_69698be8; Type: INDEX; Schema: public; Owner: postgres
--

CREATE INDEX doctor_doctorreview_appointment_id_69698be8 ON public.doctor_doctorreview USING btree (appointment_id);


--
-- Name: doctor_doctorreview_doctor_id_dc0d049d; Type: INDEX; Schema: public; Owner: postgres
--

CREATE INDEX doctor_doctorreview_doctor_id_dc0d049d ON public.doctor_doctorreview USING btree (doctor_id);


--
-- Name: doctor_doctorreview_patient_id_248573d5; Type: INDEX; Schema: public; Owner: postgres
--

CREATE INDEX doctor_doctorreview_patient_id_248573d5 ON public.doctor_doctorreview USING btree (patient_id);


--
-- Name: doctor_doctorreview_reviewed_by_id_f6f09d1d; Type: INDEX; Schema: public; Owner: postgres
--

CREATE INDEX doctor_doctorreview_reviewed_by_id_f6f09d1d ON public.doctor_doctorreview USING btree (reviewed_by_id);


--
-- Name: doctor_doctorsubscription_plan_id_fddc1c9e; Type: INDEX; Schema: public; Owner: postgres
--

CREATE INDEX doctor_doctorsubscription_plan_id_fddc1c9e ON public.doctor_doctorsubscription USING btree (plan_id);


--
-- Name: doctor_doctorsubscription_previous_plan_id_183370a8; Type: INDEX; Schema: public; Owner: postgres
--

CREATE INDEX doctor_doctorsubscription_previous_plan_id_183370a8 ON public.doctor_doctorsubscription USING btree (previous_plan_id);


--
-- Name: doctor_patienttransaction_appointment_id_4fea4525; Type: INDEX; Schema: public; Owner: postgres
--

CREATE INDEX doctor_patienttransaction_appointment_id_4fea4525 ON public.doctor_patienttransaction USING btree (appointment_id);


--
-- Name: doctor_patienttransaction_patient_id_5ab6ba10; Type: INDEX; Schema: public; Owner: postgres
--

CREATE INDEX doctor_patienttransaction_patient_id_5ab6ba10 ON public.doctor_patienttransaction USING btree (patient_id);


--
-- Name: doctor_schedules_doctor_id_44f71506; Type: INDEX; Schema: public; Owner: postgres
--

CREATE INDEX doctor_schedules_doctor_id_44f71506 ON public.doctor_schedules USING btree (doctor_id);


--
-- Name: doctor_schedules_service_id_8e24e293; Type: INDEX; Schema: public; Owner: postgres
--

CREATE INDEX doctor_schedules_service_id_8e24e293 ON public.doctor_schedules USING btree (service_id);


--
-- Name: doctor_service_doctor_id_29830484; Type: INDEX; Schema: public; Owner: postgres
--

CREATE INDEX doctor_service_doctor_id_29830484 ON public.doctor_service USING btree (doctor_id);


--
-- Name: doctor_subscriptionplan_name_332e8c85_like; Type: INDEX; Schema: public; Owner: postgres
--

CREATE INDEX doctor_subscriptionplan_name_332e8c85_like ON public.doctor_subscriptionplan USING btree (name varchar_pattern_ops);


--
-- Name: doctor_subscriptionupgrade_new_plan_id_bca74a54; Type: INDEX; Schema: public; Owner: postgres
--

CREATE INDEX doctor_subscriptionupgrade_new_plan_id_bca74a54 ON public.doctor_subscriptionupgrade USING btree (new_plan_id);


--
-- Name: doctor_subscriptionupgrade_old_plan_id_7fe480f5; Type: INDEX; Schema: public; Owner: postgres
--

CREATE INDEX doctor_subscriptionupgrade_old_plan_id_7fe480f5 ON public.doctor_subscriptionupgrade USING btree (old_plan_id);


--
-- Name: doctor_subscriptionupgrade_subscription_id_e615f576; Type: INDEX; Schema: public; Owner: postgres
--

CREATE INDEX doctor_subscriptionupgrade_subscription_id_e615f576 ON public.doctor_subscriptionupgrade USING btree (subscription_id);


--
-- Name: doctor_user_email_f75e4b46_like; Type: INDEX; Schema: public; Owner: postgres
--

CREATE INDEX doctor_user_email_f75e4b46_like ON public.doctor_user USING btree (email varchar_pattern_ops);


--
-- Name: doctor_user_groups_group_id_2f9ae9f0; Type: INDEX; Schema: public; Owner: postgres
--

CREATE INDEX doctor_user_groups_group_id_2f9ae9f0 ON public.doctor_user_groups USING btree (group_id);


--
-- Name: doctor_user_groups_user_id_72b9e7c9; Type: INDEX; Schema: public; Owner: postgres
--

CREATE INDEX doctor_user_groups_user_id_72b9e7c9 ON public.doctor_user_groups USING btree (user_id);


--
-- Name: doctor_user_user_permissions_permission_id_f74c7030; Type: INDEX; Schema: public; Owner: postgres
--

CREATE INDEX doctor_user_user_permissions_permission_id_f74c7030 ON public.doctor_user_user_permissions USING btree (permission_id);


--
-- Name: doctor_user_user_permissions_user_id_71aa7799; Type: INDEX; Schema: public; Owner: postgres
--

CREATE INDEX doctor_user_user_permissions_user_id_71aa7799 ON public.doctor_user_user_permissions USING btree (user_id);


--
-- Name: doctor_user_username_b4b519ca_like; Type: INDEX; Schema: public; Owner: postgres
--

CREATE INDEX doctor_user_username_b4b519ca_like ON public.doctor_user USING btree (username varchar_pattern_ops);


--
-- Name: token_blacklist_outstandingtoken_jti_hex_d9bdf6f7_like; Type: INDEX; Schema: public; Owner: postgres
--

CREATE INDEX token_blacklist_outstandingtoken_jti_hex_d9bdf6f7_like ON public.token_blacklist_outstandingtoken USING btree (jti varchar_pattern_ops);


--
-- Name: token_blacklist_outstandingtoken_user_id_83bc629a; Type: INDEX; Schema: public; Owner: postgres
--

CREATE INDEX token_blacklist_outstandingtoken_user_id_83bc629a ON public.token_blacklist_outstandingtoken USING btree (user_id);


--
-- Name: videocall_activecall_room_name_6522b8a4_like; Type: INDEX; Schema: public; Owner: postgres
--

CREATE INDEX videocall_activecall_room_name_6522b8a4_like ON public.videocall_activecall USING btree (room_name varchar_pattern_ops);


--
-- Name: videocall_callrecord_callee_id_711be58d; Type: INDEX; Schema: public; Owner: postgres
--

CREATE INDEX videocall_callrecord_callee_id_711be58d ON public.videocall_callrecord USING btree (callee_id);


--
-- Name: videocall_callrecord_caller_id_a6b54adb; Type: INDEX; Schema: public; Owner: postgres
--

CREATE INDEX videocall_callrecord_caller_id_a6b54adb ON public.videocall_callrecord USING btree (caller_id);


--
-- Name: auth_group_permissions auth_group_permissio_permission_id_84c5c92e_fk_auth_perm; Type: FK CONSTRAINT; Schema: public; Owner: postgres
--

ALTER TABLE ONLY public.auth_group_permissions
    ADD CONSTRAINT auth_group_permissio_permission_id_84c5c92e_fk_auth_perm FOREIGN KEY (permission_id) REFERENCES public.auth_permission(id) DEFERRABLE INITIALLY DEFERRED;


--
-- Name: auth_group_permissions auth_group_permissions_group_id_b120cbf9_fk_auth_group_id; Type: FK CONSTRAINT; Schema: public; Owner: postgres
--

ALTER TABLE ONLY public.auth_group_permissions
    ADD CONSTRAINT auth_group_permissions_group_id_b120cbf9_fk_auth_group_id FOREIGN KEY (group_id) REFERENCES public.auth_group(id) DEFERRABLE INITIALLY DEFERRED;


--
-- Name: auth_permission auth_permission_content_type_id_2f476e4b_fk_django_co; Type: FK CONSTRAINT; Schema: public; Owner: postgres
--

ALTER TABLE ONLY public.auth_permission
    ADD CONSTRAINT auth_permission_content_type_id_2f476e4b_fk_django_co FOREIGN KEY (content_type_id) REFERENCES public.django_content_type(id) DEFERRABLE INITIALLY DEFERRED;


--
-- Name: chat_conversation_participants chat_conversation_pa_conversation_id_f3ae152d_fk_chat_conv; Type: FK CONSTRAINT; Schema: public; Owner: postgres
--

ALTER TABLE ONLY public.chat_conversation_participants
    ADD CONSTRAINT chat_conversation_pa_conversation_id_f3ae152d_fk_chat_conv FOREIGN KEY (conversation_id) REFERENCES public.chat_conversation(id) DEFERRABLE INITIALLY DEFERRED;


--
-- Name: chat_conversation_participants chat_conversation_pa_user_id_01493ead_fk_doctor_us; Type: FK CONSTRAINT; Schema: public; Owner: postgres
--

ALTER TABLE ONLY public.chat_conversation_participants
    ADD CONSTRAINT chat_conversation_pa_user_id_01493ead_fk_doctor_us FOREIGN KEY (user_id) REFERENCES public.doctor_user(id) DEFERRABLE INITIALLY DEFERRED;


--
-- Name: chat_message chat_message_conversation_id_a1207bf4_fk_chat_conversation_id; Type: FK CONSTRAINT; Schema: public; Owner: postgres
--

ALTER TABLE ONLY public.chat_message
    ADD CONSTRAINT chat_message_conversation_id_a1207bf4_fk_chat_conversation_id FOREIGN KEY (conversation_id) REFERENCES public.chat_conversation(id) DEFERRABLE INITIALLY DEFERRED;


--
-- Name: chat_message chat_message_receiver_id_0eceddde_fk_doctor_user_id; Type: FK CONSTRAINT; Schema: public; Owner: postgres
--

ALTER TABLE ONLY public.chat_message
    ADD CONSTRAINT chat_message_receiver_id_0eceddde_fk_doctor_user_id FOREIGN KEY (receiver_id) REFERENCES public.doctor_user(id) DEFERRABLE INITIALLY DEFERRED;


--
-- Name: chat_message chat_message_sender_id_991c686c_fk_doctor_user_id; Type: FK CONSTRAINT; Schema: public; Owner: postgres
--

ALTER TABLE ONLY public.chat_message
    ADD CONSTRAINT chat_message_sender_id_991c686c_fk_doctor_user_id FOREIGN KEY (sender_id) REFERENCES public.doctor_user(id) DEFERRABLE INITIALLY DEFERRED;


--
-- Name: chat_notification chat_notification_sender_id_f9d5a6c6_fk_doctor_user_id; Type: FK CONSTRAINT; Schema: public; Owner: postgres
--

ALTER TABLE ONLY public.chat_notification
    ADD CONSTRAINT chat_notification_sender_id_f9d5a6c6_fk_doctor_user_id FOREIGN KEY (sender_id) REFERENCES public.doctor_user(id) DEFERRABLE INITIALLY DEFERRED;


--
-- Name: chat_notification chat_notification_user_id_e08e2237_fk_doctor_user_id; Type: FK CONSTRAINT; Schema: public; Owner: postgres
--

ALTER TABLE ONLY public.chat_notification
    ADD CONSTRAINT chat_notification_user_id_e08e2237_fk_doctor_user_id FOREIGN KEY (user_id) REFERENCES public.doctor_user(id) DEFERRABLE INITIALLY DEFERRED;


--
-- Name: django_admin_log django_admin_log_content_type_id_c4bce8eb_fk_django_co; Type: FK CONSTRAINT; Schema: public; Owner: postgres
--

ALTER TABLE ONLY public.django_admin_log
    ADD CONSTRAINT django_admin_log_content_type_id_c4bce8eb_fk_django_co FOREIGN KEY (content_type_id) REFERENCES public.django_content_type(id) DEFERRABLE INITIALLY DEFERRED;


--
-- Name: django_admin_log django_admin_log_user_id_c564eba6_fk_doctor_user_id; Type: FK CONSTRAINT; Schema: public; Owner: postgres
--

ALTER TABLE ONLY public.django_admin_log
    ADD CONSTRAINT django_admin_log_user_id_c564eba6_fk_doctor_user_id FOREIGN KEY (user_id) REFERENCES public.doctor_user(id) DEFERRABLE INITIALLY DEFERRED;


--
-- Name: doctor_address doctor_address_user_id_840c1e4a_fk_doctor_user_id; Type: FK CONSTRAINT; Schema: public; Owner: postgres
--

ALTER TABLE ONLY public.doctor_address
    ADD CONSTRAINT doctor_address_user_id_840c1e4a_fk_doctor_user_id FOREIGN KEY (user_id) REFERENCES public.doctor_user(id) DEFERRABLE INITIALLY DEFERRED;


--
-- Name: doctor_appointment doctor_appointment_address_id_3dffa483_fk_doctor_address_id; Type: FK CONSTRAINT; Schema: public; Owner: postgres
--

ALTER TABLE ONLY public.doctor_appointment
    ADD CONSTRAINT doctor_appointment_address_id_3dffa483_fk_doctor_address_id FOREIGN KEY (address_id) REFERENCES public.doctor_address(id) DEFERRABLE INITIALLY DEFERRED;


--
-- Name: doctor_appointment doctor_appointment_doctor_id_8c182dc1_fk_doctor_doctor_id; Type: FK CONSTRAINT; Schema: public; Owner: postgres
--

ALTER TABLE ONLY public.doctor_appointment
    ADD CONSTRAINT doctor_appointment_doctor_id_8c182dc1_fk_doctor_doctor_id FOREIGN KEY (doctor_id) REFERENCES public.doctor_doctor(id) DEFERRABLE INITIALLY DEFERRED;


--
-- Name: doctor_appointment doctor_appointment_doctor_location_id_a2c586d4_fk_doctor_do; Type: FK CONSTRAINT; Schema: public; Owner: postgres
--

ALTER TABLE ONLY public.doctor_appointment
    ADD CONSTRAINT doctor_appointment_doctor_location_id_a2c586d4_fk_doctor_do FOREIGN KEY (doctor_location_id) REFERENCES public.doctor_doctorlocation(id) DEFERRABLE INITIALLY DEFERRED;


--
-- Name: doctor_appointment doctor_appointment_medical_record_id_7ab63069_fk_doctor_me; Type: FK CONSTRAINT; Schema: public; Owner: postgres
--

ALTER TABLE ONLY public.doctor_appointment
    ADD CONSTRAINT doctor_appointment_medical_record_id_7ab63069_fk_doctor_me FOREIGN KEY (medical_record_id) REFERENCES public.doctor_medical_record(id) DEFERRABLE INITIALLY DEFERRED;


--
-- Name: doctor_appointment doctor_appointment_patient_id_bff365b8_fk_doctor_patient_id; Type: FK CONSTRAINT; Schema: public; Owner: postgres
--

ALTER TABLE ONLY public.doctor_appointment
    ADD CONSTRAINT doctor_appointment_patient_id_bff365b8_fk_doctor_patient_id FOREIGN KEY (patient_id) REFERENCES public.doctor_patient(id) DEFERRABLE INITIALLY DEFERRED;


--
-- Name: doctor_appointment doctor_appointment_schedule_id_9068b010_fk_doctor_schedules_id; Type: FK CONSTRAINT; Schema: public; Owner: postgres
--

ALTER TABLE ONLY public.doctor_appointment
    ADD CONSTRAINT doctor_appointment_schedule_id_9068b010_fk_doctor_schedules_id FOREIGN KEY (schedule_id) REFERENCES public.doctor_schedules(id) DEFERRABLE INITIALLY DEFERRED;


--
-- Name: doctor_appointment doctor_appointment_service_id_1c6d5cab_fk_doctor_service_id; Type: FK CONSTRAINT; Schema: public; Owner: postgres
--

ALTER TABLE ONLY public.doctor_appointment
    ADD CONSTRAINT doctor_appointment_service_id_1c6d5cab_fk_doctor_service_id FOREIGN KEY (service_id) REFERENCES public.doctor_service(id) DEFERRABLE INITIALLY DEFERRED;


--
-- Name: doctor_doctor doctor_doctor_user_id_996c6f8e_fk_doctor_user_id; Type: FK CONSTRAINT; Schema: public; Owner: postgres
--

ALTER TABLE ONLY public.doctor_doctor
    ADD CONSTRAINT doctor_doctor_user_id_996c6f8e_fk_doctor_user_id FOREIGN KEY (user_id) REFERENCES public.doctor_user(id) DEFERRABLE INITIALLY DEFERRED;


--
-- Name: doctor_doctorcertification doctor_doctorcertifi_doctor_id_9afbd256_fk_doctor_do; Type: FK CONSTRAINT; Schema: public; Owner: postgres
--

ALTER TABLE ONLY public.doctor_doctorcertification
    ADD CONSTRAINT doctor_doctorcertifi_doctor_id_9afbd256_fk_doctor_do FOREIGN KEY (doctor_id) REFERENCES public.doctor_doctor(id) DEFERRABLE INITIALLY DEFERRED;


--
-- Name: doctor_doctorearning doctor_doctorearning_appointment_id_6f079656_fk_doctor_ap; Type: FK CONSTRAINT; Schema: public; Owner: postgres
--

ALTER TABLE ONLY public.doctor_doctorearning
    ADD CONSTRAINT doctor_doctorearning_appointment_id_6f079656_fk_doctor_ap FOREIGN KEY (appointment_id) REFERENCES public.doctor_appointment(id) DEFERRABLE INITIALLY DEFERRED;


--
-- Name: doctor_doctorearning doctor_doctorearning_doctor_id_88287408_fk_doctor_doctor_id; Type: FK CONSTRAINT; Schema: public; Owner: postgres
--

ALTER TABLE ONLY public.doctor_doctorearning
    ADD CONSTRAINT doctor_doctorearning_doctor_id_88287408_fk_doctor_doctor_id FOREIGN KEY (doctor_id) REFERENCES public.doctor_doctor(id) DEFERRABLE INITIALLY DEFERRED;


--
-- Name: doctor_doctoreducation doctor_doctoreducation_doctor_id_adfae610_fk_doctor_doctor_id; Type: FK CONSTRAINT; Schema: public; Owner: postgres
--

ALTER TABLE ONLY public.doctor_doctoreducation
    ADD CONSTRAINT doctor_doctoreducation_doctor_id_adfae610_fk_doctor_doctor_id FOREIGN KEY (doctor_id) REFERENCES public.doctor_doctor(id) DEFERRABLE INITIALLY DEFERRED;


--
-- Name: doctor_doctorlocation doctor_doctorlocation_doctor_id_68e23e43_fk_doctor_doctor_id; Type: FK CONSTRAINT; Schema: public; Owner: postgres
--

ALTER TABLE ONLY public.doctor_doctorlocation
    ADD CONSTRAINT doctor_doctorlocation_doctor_id_68e23e43_fk_doctor_doctor_id FOREIGN KEY (doctor_id) REFERENCES public.doctor_doctor(id) DEFERRABLE INITIALLY DEFERRED;


--
-- Name: doctor_doctorproof doctor_doctorproof_doctor_id_125fa1d4_fk_doctor_doctor_id; Type: FK CONSTRAINT; Schema: public; Owner: postgres
--

ALTER TABLE ONLY public.doctor_doctorproof
    ADD CONSTRAINT doctor_doctorproof_doctor_id_125fa1d4_fk_doctor_doctor_id FOREIGN KEY (doctor_id) REFERENCES public.doctor_doctor(id) DEFERRABLE INITIALLY DEFERRED;


--
-- Name: doctor_doctorreview doctor_doctorreview_appointment_id_69698be8_fk_doctor_ap; Type: FK CONSTRAINT; Schema: public; Owner: postgres
--

ALTER TABLE ONLY public.doctor_doctorreview
    ADD CONSTRAINT doctor_doctorreview_appointment_id_69698be8_fk_doctor_ap FOREIGN KEY (appointment_id) REFERENCES public.doctor_appointment(id) DEFERRABLE INITIALLY DEFERRED;


--
-- Name: doctor_doctorreview doctor_doctorreview_doctor_id_dc0d049d_fk_doctor_doctor_id; Type: FK CONSTRAINT; Schema: public; Owner: postgres
--

ALTER TABLE ONLY public.doctor_doctorreview
    ADD CONSTRAINT doctor_doctorreview_doctor_id_dc0d049d_fk_doctor_doctor_id FOREIGN KEY (doctor_id) REFERENCES public.doctor_doctor(id) DEFERRABLE INITIALLY DEFERRED;


--
-- Name: doctor_doctorreview doctor_doctorreview_patient_id_248573d5_fk_doctor_patient_id; Type: FK CONSTRAINT; Schema: public; Owner: postgres
--

ALTER TABLE ONLY public.doctor_doctorreview
    ADD CONSTRAINT doctor_doctorreview_patient_id_248573d5_fk_doctor_patient_id FOREIGN KEY (patient_id) REFERENCES public.doctor_patient(id) DEFERRABLE INITIALLY DEFERRED;


--
-- Name: doctor_doctorreview doctor_doctorreview_reviewed_by_id_f6f09d1d_fk_doctor_user_id; Type: FK CONSTRAINT; Schema: public; Owner: postgres
--

ALTER TABLE ONLY public.doctor_doctorreview
    ADD CONSTRAINT doctor_doctorreview_reviewed_by_id_f6f09d1d_fk_doctor_user_id FOREIGN KEY (reviewed_by_id) REFERENCES public.doctor_user(id) DEFERRABLE INITIALLY DEFERRED;


--
-- Name: doctor_doctorsubscription doctor_doctorsubscri_doctor_id_15f8c12d_fk_doctor_do; Type: FK CONSTRAINT; Schema: public; Owner: postgres
--

ALTER TABLE ONLY public.doctor_doctorsubscription
    ADD CONSTRAINT doctor_doctorsubscri_doctor_id_15f8c12d_fk_doctor_do FOREIGN KEY (doctor_id) REFERENCES public.doctor_doctor(id) DEFERRABLE INITIALLY DEFERRED;


--
-- Name: doctor_doctorsubscription doctor_doctorsubscri_plan_id_fddc1c9e_fk_doctor_su; Type: FK CONSTRAINT; Schema: public; Owner: postgres
--

ALTER TABLE ONLY public.doctor_doctorsubscription
    ADD CONSTRAINT doctor_doctorsubscri_plan_id_fddc1c9e_fk_doctor_su FOREIGN KEY (plan_id) REFERENCES public.doctor_subscriptionplan(id) DEFERRABLE INITIALLY DEFERRED;


--
-- Name: doctor_doctorsubscription doctor_doctorsubscri_previous_plan_id_183370a8_fk_doctor_su; Type: FK CONSTRAINT; Schema: public; Owner: postgres
--

ALTER TABLE ONLY public.doctor_doctorsubscription
    ADD CONSTRAINT doctor_doctorsubscri_previous_plan_id_183370a8_fk_doctor_su FOREIGN KEY (previous_plan_id) REFERENCES public.doctor_subscriptionplan(id) DEFERRABLE INITIALLY DEFERRED;


--
-- Name: doctor_doctorwallet doctor_doctorwallet_doctor_id_082bbfca_fk_doctor_doctor_id; Type: FK CONSTRAINT; Schema: public; Owner: postgres
--

ALTER TABLE ONLY public.doctor_doctorwallet
    ADD CONSTRAINT doctor_doctorwallet_doctor_id_082bbfca_fk_doctor_doctor_id FOREIGN KEY (doctor_id) REFERENCES public.doctor_doctor(id) DEFERRABLE INITIALLY DEFERRED;


--
-- Name: doctor_emailotp doctor_emailotp_user_id_21c43302_fk_doctor_user_id; Type: FK CONSTRAINT; Schema: public; Owner: postgres
--

ALTER TABLE ONLY public.doctor_emailotp
    ADD CONSTRAINT doctor_emailotp_user_id_21c43302_fk_doctor_user_id FOREIGN KEY (user_id) REFERENCES public.doctor_user(id) DEFERRABLE INITIALLY DEFERRED;


--
-- Name: doctor_medical_record doctor_medical_record_patient_id_9fb7f33d_fk_doctor_patient_id; Type: FK CONSTRAINT; Schema: public; Owner: postgres
--

ALTER TABLE ONLY public.doctor_medical_record
    ADD CONSTRAINT doctor_medical_record_patient_id_9fb7f33d_fk_doctor_patient_id FOREIGN KEY (patient_id) REFERENCES public.doctor_patient(id) DEFERRABLE INITIALLY DEFERRED;


--
-- Name: doctor_patient doctor_patient_user_id_d1975695_fk_doctor_user_id; Type: FK CONSTRAINT; Schema: public; Owner: postgres
--

ALTER TABLE ONLY public.doctor_patient
    ADD CONSTRAINT doctor_patient_user_id_d1975695_fk_doctor_user_id FOREIGN KEY (user_id) REFERENCES public.doctor_user(id) DEFERRABLE INITIALLY DEFERRED;


--
-- Name: doctor_patientlocation doctor_patientlocation_patient_id_efe99d8d_fk_doctor_patient_id; Type: FK CONSTRAINT; Schema: public; Owner: postgres
--

ALTER TABLE ONLY public.doctor_patientlocation
    ADD CONSTRAINT doctor_patientlocation_patient_id_efe99d8d_fk_doctor_patient_id FOREIGN KEY (patient_id) REFERENCES public.doctor_patient(id) DEFERRABLE INITIALLY DEFERRED;


--
-- Name: doctor_patienttransaction doctor_patienttransa_appointment_id_4fea4525_fk_doctor_ap; Type: FK CONSTRAINT; Schema: public; Owner: postgres
--

ALTER TABLE ONLY public.doctor_patienttransaction
    ADD CONSTRAINT doctor_patienttransa_appointment_id_4fea4525_fk_doctor_ap FOREIGN KEY (appointment_id) REFERENCES public.doctor_appointment(id) DEFERRABLE INITIALLY DEFERRED;


--
-- Name: doctor_patienttransaction doctor_patienttransa_patient_id_5ab6ba10_fk_doctor_pa; Type: FK CONSTRAINT; Schema: public; Owner: postgres
--

ALTER TABLE ONLY public.doctor_patienttransaction
    ADD CONSTRAINT doctor_patienttransa_patient_id_5ab6ba10_fk_doctor_pa FOREIGN KEY (patient_id) REFERENCES public.doctor_patient(id) DEFERRABLE INITIALLY DEFERRED;


--
-- Name: doctor_patientwallet doctor_patientwallet_patient_id_73da8867_fk_doctor_patient_id; Type: FK CONSTRAINT; Schema: public; Owner: postgres
--

ALTER TABLE ONLY public.doctor_patientwallet
    ADD CONSTRAINT doctor_patientwallet_patient_id_73da8867_fk_doctor_patient_id FOREIGN KEY (patient_id) REFERENCES public.doctor_patient(id) DEFERRABLE INITIALLY DEFERRED;


--
-- Name: doctor_payment doctor_payment_appointment_id_a221b25d_fk_doctor_appointment_id; Type: FK CONSTRAINT; Schema: public; Owner: postgres
--

ALTER TABLE ONLY public.doctor_payment
    ADD CONSTRAINT doctor_payment_appointment_id_a221b25d_fk_doctor_appointment_id FOREIGN KEY (appointment_id) REFERENCES public.doctor_appointment(id) DEFERRABLE INITIALLY DEFERRED;


--
-- Name: doctor_schedules doctor_schedules_doctor_id_44f71506_fk_doctor_doctor_id; Type: FK CONSTRAINT; Schema: public; Owner: postgres
--

ALTER TABLE ONLY public.doctor_schedules
    ADD CONSTRAINT doctor_schedules_doctor_id_44f71506_fk_doctor_doctor_id FOREIGN KEY (doctor_id) REFERENCES public.doctor_doctor(id) DEFERRABLE INITIALLY DEFERRED;


--
-- Name: doctor_schedules doctor_schedules_service_id_8e24e293_fk_doctor_service_id; Type: FK CONSTRAINT; Schema: public; Owner: postgres
--

ALTER TABLE ONLY public.doctor_schedules
    ADD CONSTRAINT doctor_schedules_service_id_8e24e293_fk_doctor_service_id FOREIGN KEY (service_id) REFERENCES public.doctor_service(id) DEFERRABLE INITIALLY DEFERRED;


--
-- Name: doctor_service doctor_service_doctor_id_29830484_fk_doctor_doctor_id; Type: FK CONSTRAINT; Schema: public; Owner: postgres
--

ALTER TABLE ONLY public.doctor_service
    ADD CONSTRAINT doctor_service_doctor_id_29830484_fk_doctor_doctor_id FOREIGN KEY (doctor_id) REFERENCES public.doctor_doctor(id) DEFERRABLE INITIALLY DEFERRED;


--
-- Name: doctor_subscriptionupgrade doctor_subscriptionu_new_plan_id_bca74a54_fk_doctor_su; Type: FK CONSTRAINT; Schema: public; Owner: postgres
--

ALTER TABLE ONLY public.doctor_subscriptionupgrade
    ADD CONSTRAINT doctor_subscriptionu_new_plan_id_bca74a54_fk_doctor_su FOREIGN KEY (new_plan_id) REFERENCES public.doctor_subscriptionplan(id) DEFERRABLE INITIALLY DEFERRED;


--
-- Name: doctor_subscriptionupgrade doctor_subscriptionu_old_plan_id_7fe480f5_fk_doctor_su; Type: FK CONSTRAINT; Schema: public; Owner: postgres
--

ALTER TABLE ONLY public.doctor_subscriptionupgrade
    ADD CONSTRAINT doctor_subscriptionu_old_plan_id_7fe480f5_fk_doctor_su FOREIGN KEY (old_plan_id) REFERENCES public.doctor_subscriptionplan(id) DEFERRABLE INITIALLY DEFERRED;


--
-- Name: doctor_subscriptionupgrade doctor_subscriptionu_subscription_id_e615f576_fk_doctor_do; Type: FK CONSTRAINT; Schema: public; Owner: postgres
--

ALTER TABLE ONLY public.doctor_subscriptionupgrade
    ADD CONSTRAINT doctor_subscriptionu_subscription_id_e615f576_fk_doctor_do FOREIGN KEY (subscription_id) REFERENCES public.doctor_doctorsubscription(id) DEFERRABLE INITIALLY DEFERRED;


--
-- Name: doctor_user_groups doctor_user_groups_group_id_2f9ae9f0_fk_auth_group_id; Type: FK CONSTRAINT; Schema: public; Owner: postgres
--

ALTER TABLE ONLY public.doctor_user_groups
    ADD CONSTRAINT doctor_user_groups_group_id_2f9ae9f0_fk_auth_group_id FOREIGN KEY (group_id) REFERENCES public.auth_group(id) DEFERRABLE INITIALLY DEFERRED;


--
-- Name: doctor_user_groups doctor_user_groups_user_id_72b9e7c9_fk_doctor_user_id; Type: FK CONSTRAINT; Schema: public; Owner: postgres
--

ALTER TABLE ONLY public.doctor_user_groups
    ADD CONSTRAINT doctor_user_groups_user_id_72b9e7c9_fk_doctor_user_id FOREIGN KEY (user_id) REFERENCES public.doctor_user(id) DEFERRABLE INITIALLY DEFERRED;


--
-- Name: doctor_user_user_permissions doctor_user_user_per_permission_id_f74c7030_fk_auth_perm; Type: FK CONSTRAINT; Schema: public; Owner: postgres
--

ALTER TABLE ONLY public.doctor_user_user_permissions
    ADD CONSTRAINT doctor_user_user_per_permission_id_f74c7030_fk_auth_perm FOREIGN KEY (permission_id) REFERENCES public.auth_permission(id) DEFERRABLE INITIALLY DEFERRED;


--
-- Name: doctor_user_user_permissions doctor_user_user_permissions_user_id_71aa7799_fk_doctor_user_id; Type: FK CONSTRAINT; Schema: public; Owner: postgres
--

ALTER TABLE ONLY public.doctor_user_user_permissions
    ADD CONSTRAINT doctor_user_user_permissions_user_id_71aa7799_fk_doctor_user_id FOREIGN KEY (user_id) REFERENCES public.doctor_user(id) DEFERRABLE INITIALLY DEFERRED;


--
-- Name: token_blacklist_blacklistedtoken token_blacklist_blacklistedtoken_token_id_3cc7fe56_fk; Type: FK CONSTRAINT; Schema: public; Owner: postgres
--

ALTER TABLE ONLY public.token_blacklist_blacklistedtoken
    ADD CONSTRAINT token_blacklist_blacklistedtoken_token_id_3cc7fe56_fk FOREIGN KEY (token_id) REFERENCES public.token_blacklist_outstandingtoken(id) DEFERRABLE INITIALLY DEFERRED;


--
-- Name: token_blacklist_outstandingtoken token_blacklist_outs_user_id_83bc629a_fk_doctor_us; Type: FK CONSTRAINT; Schema: public; Owner: postgres
--

ALTER TABLE ONLY public.token_blacklist_outstandingtoken
    ADD CONSTRAINT token_blacklist_outs_user_id_83bc629a_fk_doctor_us FOREIGN KEY (user_id) REFERENCES public.doctor_user(id) DEFERRABLE INITIALLY DEFERRED;


--
-- Name: videocall_activecall videocall_activecall_call_record_id_867c0721_fk_videocall; Type: FK CONSTRAINT; Schema: public; Owner: postgres
--

ALTER TABLE ONLY public.videocall_activecall
    ADD CONSTRAINT videocall_activecall_call_record_id_867c0721_fk_videocall FOREIGN KEY (call_record_id) REFERENCES public.videocall_callrecord(id) DEFERRABLE INITIALLY DEFERRED;


--
-- Name: videocall_callrecord videocall_callrecord_callee_id_711be58d_fk_doctor_user_id; Type: FK CONSTRAINT; Schema: public; Owner: postgres
--

ALTER TABLE ONLY public.videocall_callrecord
    ADD CONSTRAINT videocall_callrecord_callee_id_711be58d_fk_doctor_user_id FOREIGN KEY (callee_id) REFERENCES public.doctor_user(id) DEFERRABLE INITIALLY DEFERRED;


--
-- Name: videocall_callrecord videocall_callrecord_caller_id_a6b54adb_fk_doctor_user_id; Type: FK CONSTRAINT; Schema: public; Owner: postgres
--

ALTER TABLE ONLY public.videocall_callrecord
    ADD CONSTRAINT videocall_callrecord_caller_id_a6b54adb_fk_doctor_user_id FOREIGN KEY (caller_id) REFERENCES public.doctor_user(id) DEFERRABLE INITIALLY DEFERRED;


--
-- PostgreSQL database dump complete
--

\unrestrict DrM5ZiVJJMPn2ouDaGa3ya2RtrFwKqcQd2TpeyC6z3Mc0LffYZ2wD72PA43iJ0g

